Generated by opendatacommunities.org,2014-03-25T13:48:55+00:00
http://opendatacommunities.org/data/house-building/starts/tenure,"Permanent dwellings started, 2009/10 to 2012/13, England, District By Tenure "
Reference period,2010-2011

,,http://opendatacommunities.org/def/concept/general-concepts/tenure/all,http://opendatacommunities.org/def/concept/general-concepts/tenure/housingAssociations,http://opendatacommunities.org/def/concept/general-concepts/tenure/localAuthority,http://opendatacommunities.org/def/concept/general-concepts/tenure/privateEnterprise
http://opendatacommunities.org/def/ontology/geography/refArea,Reference area,All,Housing-Associations,Local-Authority,Private-Enterprise
http://statistics.data.gov.uk/id/statistical-geography/E06000001,E06000001 Hartlepool,230,90,0,140
http://statistics.data.gov.uk/id/statistical-geography/E06000003,E06000003 Redcar and Cleveland,210,100,0,110
http://statistics.data.gov.uk/id/statistical-geography/E06000004,E06000004 Stockton-on-Tees,500,30,0,470
http://statistics.data.gov.uk/id/statistical-geography/E06000005,E06000005 Darlington,230,0,0,230
http://statistics.data.gov.uk/id/statistical-geography/E06000008,E06000008 Blackburn with Darwen,120,0,0,120
http://statistics.data.gov.uk/id/statistical-geography/E06000009,E06000009 Blackpool,90,30,0,70
http://statistics.data.gov.uk/id/statistical-geography/E06000010,"E06000010 Kingston upon Hull, City of",730,80,0,650
http://statistics.data.gov.uk/id/statistical-geography/E06000011,E06000011 East Riding of Yorkshire,660,0,290,370
http://statistics.data.gov.uk/id/statistical-geography/E06000012,E06000012 North East Lincolnshire,310,100,0,210
http://statistics.data.gov.uk/id/statistical-geography/E06000013,E06000013 North Lincolnshire,290,0,0,290
http://statistics.data.gov.uk/id/statistical-geography/E06000014,E06000014 York,500,0,0,500
http://statistics.data.gov.uk/id/statistical-geography/E06000016,E06000016 Leicester,360,20,10,320
http://statistics.data.gov.uk/id/statistical-geography/E06000017,E06000017 Rutland,40,0,0,40
http://statistics.data.gov.uk/id/statistical-geography/E06000018,E06000018 Nottingham,360,80,0,280
http://statistics.data.gov.uk/id/statistical-geography/E06000020,E06000020 Telford and Wrekin,620,90,0,520
http://statistics.data.gov.uk/id/statistical-geography/E06000021,E06000021 Stoke-on-Trent,210,60,0,160
http://statistics.data.gov.uk/id/statistical-geography/E06000022,E06000022 Bath and North East Somerset,540,270,0,270
http://statistics.data.gov.uk/id/statistical-geography/E06000024,E06000024 North Somerset,410,0,0,410
http://statistics.data.gov.uk/id/statistical-geography/E06000025,E06000025 South Gloucestershire,,280,,610
http://statistics.data.gov.uk/id/statistical-geography/E06000026,E06000026 Plymouth,580,120,0,460
http://statistics.data.gov.uk/id/statistical-geography/E06000027,E06000027 Torbay,410,220,0,190
http://statistics.data.gov.uk/id/statistical-geography/E06000029,E06000029 Poole,260,0,0,260
http://statistics.data.gov.uk/id/statistical-geography/E06000030,E06000030 Swindon,710,,,
http://statistics.data.gov.uk/id/statistical-geography/E06000031,E06000031 Peterborough,670,170,0,500
http://statistics.data.gov.uk/id/statistical-geography/E06000032,E06000032 Luton,350,150,0,200
http://statistics.data.gov.uk/id/statistical-geography/E06000033,E06000033 Southend-on-Sea,190,70,0,130
http://statistics.data.gov.uk/id/statistical-geography/E06000035,E06000035 Medway,560,130,0,430
http://statistics.data.gov.uk/id/statistical-geography/E06000036,E06000036 Bracknell Forest,280,30,0,250
http://statistics.data.gov.uk/id/statistical-geography/E06000037,E06000037 West Berkshire,220,10,0,210
http://statistics.data.gov.uk/id/statistical-geography/E06000038,E06000038 Reading,500,60,0,440
http://statistics.data.gov.uk/id/statistical-geography/E06000039,E06000039 Slough,110,40,0,70
http://statistics.data.gov.uk/id/statistical-geography/E06000040,E06000040 Windsor and Maidenhead,170,10,0,170
http://statistics.data.gov.uk/id/statistical-geography/E06000041,E06000041 Wokingham,210,20,0,190
http://statistics.data.gov.uk/id/statistical-geography/E06000042,E06000042 Milton Keynes,1340,460,0,880
http://statistics.data.gov.uk/id/statistical-geography/E06000043,E06000043 Brighton and Hove,90,0,0,90
http://statistics.data.gov.uk/id/statistical-geography/E06000044,E06000044 Portsmouth,470,100,10,360
http://statistics.data.gov.uk/id/statistical-geography/E06000045,E06000045 Southampton,510,90,0,430
http://statistics.data.gov.uk/id/statistical-geography/E06000046,E06000046 Isle of Wight,370,60,0,310
http://statistics.data.gov.uk/id/statistical-geography/E06000047,E06000047 County Durham,1090,300,0,800
http://statistics.data.gov.uk/id/statistical-geography/E06000048,E06000048 Northumberland,480,80,0,400
http://statistics.data.gov.uk/id/statistical-geography/E06000049,E06000049 Cheshire East,330,0,0,330
http://statistics.data.gov.uk/id/statistical-geography/E06000051,E06000051 Shropshire,390,80,0,310
http://statistics.data.gov.uk/id/statistical-geography/E06000052,E06000052 Cornwall,1770,390,0,1380
http://statistics.data.gov.uk/id/statistical-geography/E06000054,E06000054 Wiltshire,1330,390,0,940
http://statistics.data.gov.uk/id/statistical-geography/E06000056,E06000056 Central Bedfordshire,910,270,0,640
http://statistics.data.gov.uk/id/statistical-geography/E07000004,E07000004 Aylesbury Vale,820,340,0,490
http://statistics.data.gov.uk/id/statistical-geography/E07000005,E07000005 Chiltern,120,30,0,90
http://statistics.data.gov.uk/id/statistical-geography/E07000006,E07000006 South Bucks,160,0,0,160
http://statistics.data.gov.uk/id/statistical-geography/E07000007,E07000007 Wycombe,330,50,0,280
http://statistics.data.gov.uk/id/statistical-geography/E07000008,E07000008 Cambridge,160,20,10,130
http://statistics.data.gov.uk/id/statistical-geography/E07000009,E07000009 East Cambridgeshire,370,40,0,330
http://statistics.data.gov.uk/id/statistical-geography/E07000010,E07000010 Fenland,280,0,0,280
http://statistics.data.gov.uk/id/statistical-geography/E07000011,E07000011 Huntingdonshire,910,100,0,810
http://statistics.data.gov.uk/id/statistical-geography/E07000026,E07000026 Allerdale,170,70,0,100
http://statistics.data.gov.uk/id/statistical-geography/E07000027,E07000027 Barrow-in-Furness,30,10,0,30
http://statistics.data.gov.uk/id/statistical-geography/E07000028,E07000028 Carlisle,310,110,0,210
http://statistics.data.gov.uk/id/statistical-geography/E07000029,E07000029 Copeland,90,20,0,70
http://statistics.data.gov.uk/id/statistical-geography/E07000030,E07000030 Eden,100,30,0,70
http://statistics.data.gov.uk/id/statistical-geography/E07000031,E07000031 South Lakeland,170,30,0,150
http://statistics.data.gov.uk/id/statistical-geography/E07000032,E07000032 Amber Valley,230,50,0,180
http://statistics.data.gov.uk/id/statistical-geography/E07000033,E07000033 Bolsover,110,0,0,110
http://statistics.data.gov.uk/id/statistical-geography/E07000034,E07000034 Chesterfield,110,10,0,110
http://statistics.data.gov.uk/id/statistical-geography/E07000035,E07000035 Derbyshire Dales,60,30,0,30
http://statistics.data.gov.uk/id/statistical-geography/E07000036,E07000036 Erewash,160,20,0,150
http://statistics.data.gov.uk/id/statistical-geography/E07000037,E07000037 High Peak,60,0,0,60
http://statistics.data.gov.uk/id/statistical-geography/E07000038,E07000038 North East Derbyshire,70,0,0,70
http://statistics.data.gov.uk/id/statistical-geography/E07000039,E07000039 South Derbyshire,290,30,0,260
http://statistics.data.gov.uk/id/statistical-geography/E07000040,E07000040 East Devon,340,90,20,240
http://statistics.data.gov.uk/id/statistical-geography/E07000041,E07000041 Exeter,510,80,0,440
http://statistics.data.gov.uk/id/statistical-geography/E07000042,E07000042 Mid Devon,100,10,0,90
http://statistics.data.gov.uk/id/statistical-geography/E07000043,E07000043 North Devon,150,10,0,140
http://statistics.data.gov.uk/id/statistical-geography/E07000044,E07000044 South Hams,70,20,0,50
http://statistics.data.gov.uk/id/statistical-geography/E07000045,E07000045 Teignbridge,370,90,0,280
http://statistics.data.gov.uk/id/statistical-geography/E07000046,E07000046 Torridge,310,70,0,240
http://statistics.data.gov.uk/id/statistical-geography/E07000047,E07000047 West Devon,150,60,0,90
http://statistics.data.gov.uk/id/statistical-geography/E07000048,E07000048 Christchurch,80,0,0,80
http://statistics.data.gov.uk/id/statistical-geography/E07000049,E07000049 East Dorset,120,0,0,120
http://statistics.data.gov.uk/id/statistical-geography/E07000050,E07000050 North Dorset,300,120,0,180
http://statistics.data.gov.uk/id/statistical-geography/E07000051,E07000051 Purbeck,80,0,0,80
http://statistics.data.gov.uk/id/statistical-geography/E07000052,E07000052 West Dorset,200,0,0,200
http://statistics.data.gov.uk/id/statistical-geography/E07000061,E07000061 Eastbourne,150,70,30,50
http://statistics.data.gov.uk/id/statistical-geography/E07000062,E07000062 Hastings,60,30,0,40
http://statistics.data.gov.uk/id/statistical-geography/E07000063,E07000063 Lewes,270,80,0,190
http://statistics.data.gov.uk/id/statistical-geography/E07000065,E07000065 Wealden,770,130,0,650
http://statistics.data.gov.uk/id/statistical-geography/E07000066,E07000066 Basildon,540,190,0,350
http://statistics.data.gov.uk/id/statistical-geography/E07000067,E07000067 Braintree,260,40,0,220
http://statistics.data.gov.uk/id/statistical-geography/E07000068,E07000068 Brentwood,80,20,0,70
http://statistics.data.gov.uk/id/statistical-geography/E07000069,E07000069 Castle Point,50,0,0,50
http://statistics.data.gov.uk/id/statistical-geography/E07000070,E07000070 Chelmsford,230,30,0,200
http://statistics.data.gov.uk/id/statistical-geography/E07000071,E07000071 Colchester,800,140,0,660
http://statistics.data.gov.uk/id/statistical-geography/E07000072,E07000072 Epping Forest,400,130,0,280
http://statistics.data.gov.uk/id/statistical-geography/E07000073,E07000073 Harlow,100,20,0,70
http://statistics.data.gov.uk/id/statistical-geography/E07000074,E07000074 Maldon,30,0,0,30
http://statistics.data.gov.uk/id/statistical-geography/E07000075,E07000075 Rochford,70,0,0,70
http://statistics.data.gov.uk/id/statistical-geography/E07000076,E07000076 Tendring,200,90,0,110
http://statistics.data.gov.uk/id/statistical-geography/E07000077,E07000077 Uttlesford,420,100,0,330
http://statistics.data.gov.uk/id/statistical-geography/E07000078,E07000078 Cheltenham,80,0,0,80
http://statistics.data.gov.uk/id/statistical-geography/E07000079,E07000079 Cotswold,430,220,0,210
http://statistics.data.gov.uk/id/statistical-geography/E07000080,E07000080 Forest of Dean,230,90,0,140
http://statistics.data.gov.uk/id/statistical-geography/E07000081,E07000081 Gloucester,520,130,0,390
http://statistics.data.gov.uk/id/statistical-geography/E07000082,E07000082 Stroud,250,20,0,220
http://statistics.data.gov.uk/id/statistical-geography/E07000083,E07000083 Tewkesbury,150,20,0,140
http://statistics.data.gov.uk/id/statistical-geography/E07000084,E07000084 Basingstoke and Deane,660,280,0,380
http://statistics.data.gov.uk/id/statistical-geography/E07000085,E07000085 East Hampshire,280,40,0,240
http://statistics.data.gov.uk/id/statistical-geography/E07000086,E07000086 Eastleigh,310,60,0,250
http://statistics.data.gov.uk/id/statistical-geography/E07000087,E07000087 Fareham,280,30,0,250
http://statistics.data.gov.uk/id/statistical-geography/E07000088,E07000088 Gosport,130,80,0,50
http://statistics.data.gov.uk/id/statistical-geography/E07000089,E07000089 Hart,180,50,0,120
http://statistics.data.gov.uk/id/statistical-geography/E07000090,E07000090 Havant,100,20,0,80
http://statistics.data.gov.uk/id/statistical-geography/E07000091,E07000091 New Forest,190,10,0,180
http://statistics.data.gov.uk/id/statistical-geography/E07000093,E07000093 Test Valley,380,150,0,220
http://statistics.data.gov.uk/id/statistical-geography/E07000094,E07000094 Winchester,650,30,0,620
http://statistics.data.gov.uk/id/statistical-geography/E07000095,E07000095 Broxbourne,110,40,0,80
http://statistics.data.gov.uk/id/statistical-geography/E07000096,E07000096 Dacorum,210,40,0,170
http://statistics.data.gov.uk/id/statistical-geography/E07000097,E07000097 East Hertfordshire,280,130,0,150
http://statistics.data.gov.uk/id/statistical-geography/E07000099,E07000099 North Hertfordshire,260,10,0,250
http://statistics.data.gov.uk/id/statistical-geography/E07000101,E07000101 Stevenage,210,70,0,150
http://statistics.data.gov.uk/id/statistical-geography/E07000102,E07000102 Three Rivers,180,30,0,150
http://statistics.data.gov.uk/id/statistical-geography/E07000103,E07000103 Watford,380,100,0,280
http://statistics.data.gov.uk/id/statistical-geography/E07000104,E07000104 Welwyn Hatfield,280,40,0,240
http://statistics.data.gov.uk/id/statistical-geography/E07000105,E07000105 Ashford,330,70,0,270
http://statistics.data.gov.uk/id/statistical-geography/E07000106,E07000106 Canterbury,450,10,0,450
http://statistics.data.gov.uk/id/statistical-geography/E07000107,E07000107 Dartford,170,30,0,140
http://statistics.data.gov.uk/id/statistical-geography/E07000108,E07000108 Dover,70,0,0,70
http://statistics.data.gov.uk/id/statistical-geography/E07000109,E07000109 Gravesham,170,70,0,100
http://statistics.data.gov.uk/id/statistical-geography/E07000110,E07000110 Maidstone,670,280,0,390
http://statistics.data.gov.uk/id/statistical-geography/E07000112,E07000112 Shepway,150,0,0,150
http://statistics.data.gov.uk/id/statistical-geography/E07000113,E07000113 Swale,500,40,0,450
http://statistics.data.gov.uk/id/statistical-geography/E07000116,E07000116 Tunbridge Wells,150,40,0,110
http://statistics.data.gov.uk/id/statistical-geography/E07000117,E07000117 Burnley,30,0,0,30
http://statistics.data.gov.uk/id/statistical-geography/E07000118,E07000118 Chorley,570,30,0,540
http://statistics.data.gov.uk/id/statistical-geography/E07000119,E07000119 Fylde,110,30,0,90
http://statistics.data.gov.uk/id/statistical-geography/E07000121,E07000121 Lancaster,150,20,0,120
http://statistics.data.gov.uk/id/statistical-geography/E07000122,E07000122 Pendle,60,0,0,60
http://statistics.data.gov.uk/id/statistical-geography/E07000123,E07000123 Preston,100,0,0,100
http://statistics.data.gov.uk/id/statistical-geography/E07000124,E07000124 Ribble Valley,70,0,0,70
http://statistics.data.gov.uk/id/statistical-geography/E07000125,E07000125 Rossendale,100,0,0,100
http://statistics.data.gov.uk/id/statistical-geography/E07000126,E07000126 South Ribble,110,0,0,110
http://statistics.data.gov.uk/id/statistical-geography/E07000127,E07000127 West Lancashire,140,10,20,110
http://statistics.data.gov.uk/id/statistical-geography/E07000128,E07000128 Wyre,150,10,0,140
http://statistics.data.gov.uk/id/statistical-geography/E07000129,E07000129 Blaby,210,20,0,190
http://statistics.data.gov.uk/id/statistical-geography/E07000131,E07000131 Harborough,190,10,0,190
http://statistics.data.gov.uk/id/statistical-geography/E07000132,E07000132 Hinckley and Bosworth,410,30,0,380
http://statistics.data.gov.uk/id/statistical-geography/E07000133,E07000133 Melton,110,0,0,110
http://statistics.data.gov.uk/id/statistical-geography/E07000134,E07000134 North West Leicestershire,450,80,0,370
http://statistics.data.gov.uk/id/statistical-geography/E07000135,E07000135 Oadby and Wigston,80,20,0,60
http://statistics.data.gov.uk/id/statistical-geography/E07000136,E07000136 Boston,250,40,0,210
http://statistics.data.gov.uk/id/statistical-geography/E07000137,E07000137 East Lindsey,400,50,0,350
http://statistics.data.gov.uk/id/statistical-geography/E07000138,E07000138 Lincoln,220,20,0,200
http://statistics.data.gov.uk/id/statistical-geography/E07000139,E07000139 North Kesteven,250,0,0,240
http://statistics.data.gov.uk/id/statistical-geography/E07000140,E07000140 South Holland,160,110,0,50
http://statistics.data.gov.uk/id/statistical-geography/E07000141,E07000141 South Kesteven,470,70,0,400
http://statistics.data.gov.uk/id/statistical-geography/E07000142,E07000142 West Lindsey,310,90,0,230
http://statistics.data.gov.uk/id/statistical-geography/E07000143,E07000143 Breckland,420,0,0,420
http://statistics.data.gov.uk/id/statistical-geography/E07000144,E07000144 Broadland,150,10,0,130
http://statistics.data.gov.uk/id/statistical-geography/E07000145,E07000145 Great Yarmouth,150,30,0,120
http://statistics.data.gov.uk/id/statistical-geography/E07000146,E07000146 King's Lynn and West Norfolk,370,70,0,290
http://statistics.data.gov.uk/id/statistical-geography/E07000147,E07000147 North Norfolk,200,60,0,140
http://statistics.data.gov.uk/id/statistical-geography/E07000148,E07000148 Norwich,140,0,50,100
http://statistics.data.gov.uk/id/statistical-geography/E07000149,E07000149 South Norfolk,560,100,0,470
http://statistics.data.gov.uk/id/statistical-geography/E07000150,E07000150 Corby,610,20,80,510
http://statistics.data.gov.uk/id/statistical-geography/E07000151,E07000151 Daventry,130,20,0,110
http://statistics.data.gov.uk/id/statistical-geography/E07000152,E07000152 East Northamptonshire,160,10,0,150
http://statistics.data.gov.uk/id/statistical-geography/E07000153,E07000153 Kettering,290,60,0,220
http://statistics.data.gov.uk/id/statistical-geography/E07000154,E07000154 Northampton,270,40,0,230
http://statistics.data.gov.uk/id/statistical-geography/E07000155,E07000155 South Northamptonshire,270,90,0,180
http://statistics.data.gov.uk/id/statistical-geography/E07000156,E07000156 Wellingborough,50,20,0,30
http://statistics.data.gov.uk/id/statistical-geography/E07000163,E07000163 Craven,120,40,0,90
http://statistics.data.gov.uk/id/statistical-geography/E07000164,E07000164 Hambleton,140,20,0,120
http://statistics.data.gov.uk/id/statistical-geography/E07000165,E07000165 Harrogate,110,30,0,80
http://statistics.data.gov.uk/id/statistical-geography/E07000166,E07000166 Richmondshire,50,30,0,20
http://statistics.data.gov.uk/id/statistical-geography/E07000167,E07000167 Ryedale,140,20,0,130
http://statistics.data.gov.uk/id/statistical-geography/E07000168,E07000168 Scarborough,210,20,0,190
http://statistics.data.gov.uk/id/statistical-geography/E07000169,E07000169 Selby,230,10,0,220
http://statistics.data.gov.uk/id/statistical-geography/E07000170,E07000170 Ashfield,320,10,0,310
http://statistics.data.gov.uk/id/statistical-geography/E07000171,E07000171 Bassetlaw,250,10,0,240
http://statistics.data.gov.uk/id/statistical-geography/E07000172,E07000172 Broxtowe,170,70,0,110
http://statistics.data.gov.uk/id/statistical-geography/E07000173,E07000173 Gedling,210,40,0,180
http://statistics.data.gov.uk/id/statistical-geography/E07000174,E07000174 Mansfield,210,0,40,170
http://statistics.data.gov.uk/id/statistical-geography/E07000175,E07000175 Newark and Sherwood,230,10,30,200
http://statistics.data.gov.uk/id/statistical-geography/E07000176,E07000176 Rushcliffe,290,10,0,280
http://statistics.data.gov.uk/id/statistical-geography/E07000177,E07000177 Cherwell,100,10,0,90
http://statistics.data.gov.uk/id/statistical-geography/E07000178,E07000178 Oxford,210,,,
http://statistics.data.gov.uk/id/statistical-geography/E07000179,E07000179 South Oxfordshire,360,90,0,270
http://statistics.data.gov.uk/id/statistical-geography/E07000180,E07000180 Vale of White Horse,230,50,0,180
http://statistics.data.gov.uk/id/statistical-geography/E07000181,E07000181 West Oxfordshire,320,120,0,200
http://statistics.data.gov.uk/id/statistical-geography/E07000187,E07000187 Mendip,490,100,0,390
http://statistics.data.gov.uk/id/statistical-geography/E07000189,E07000189 South Somerset,670,320,0,350
http://statistics.data.gov.uk/id/statistical-geography/E07000191,E07000191 West Somerset,40,10,0,30
http://statistics.data.gov.uk/id/statistical-geography/E07000192,E07000192 Cannock Chase,110,0,0,110
http://statistics.data.gov.uk/id/statistical-geography/E07000194,E07000194 Lichfield,270,10,0,260
http://statistics.data.gov.uk/id/statistical-geography/E07000195,E07000195 Newcastle-under-Lyme,220,70,0,150
http://statistics.data.gov.uk/id/statistical-geography/E07000196,E07000196 South Staffordshire,190,0,0,190
http://statistics.data.gov.uk/id/statistical-geography/E07000198,E07000198 Staffordshire Moorlands,70,0,0,70
http://statistics.data.gov.uk/id/statistical-geography/E07000199,E07000199 Tamworth,60,0,0,60
http://statistics.data.gov.uk/id/statistical-geography/E07000200,E07000200 Babergh,260,10,0,260
http://statistics.data.gov.uk/id/statistical-geography/E07000201,E07000201 Forest Heath,350,70,0,280
http://statistics.data.gov.uk/id/statistical-geography/E07000202,E07000202 Ipswich,180,90,0,90
http://statistics.data.gov.uk/id/statistical-geography/E07000203,E07000203 Mid Suffolk,310,20,0,290
http://statistics.data.gov.uk/id/statistical-geography/E07000204,E07000204 St Edmundsbury,120,10,0,110
http://statistics.data.gov.uk/id/statistical-geography/E07000205,E07000205 Suffolk Coastal,170,20,0,150
http://statistics.data.gov.uk/id/statistical-geography/E07000206,E07000206 Waveney,90,0,0,90
http://statistics.data.gov.uk/id/statistical-geography/E07000207,E07000207 Elmbridge,310,50,0,260
http://statistics.data.gov.uk/id/statistical-geography/E07000208,E07000208 Epsom and Ewell,270,70,0,210
http://statistics.data.gov.uk/id/statistical-geography/E07000209,E07000209 Guildford,180,30,0,150
http://statistics.data.gov.uk/id/statistical-geography/E07000210,E07000210 Mole Valley,100,0,0,100
http://statistics.data.gov.uk/id/statistical-geography/E07000211,E07000211 Reigate and Banstead,300,20,0,280
http://statistics.data.gov.uk/id/statistical-geography/E07000212,E07000212 Runnymede,260,100,0,170
http://statistics.data.gov.uk/id/statistical-geography/E07000213,E07000213 Spelthorne,170,110,0,60
http://statistics.data.gov.uk/id/statistical-geography/E07000214,E07000214 Surrey Heath,200,60,0,140
http://statistics.data.gov.uk/id/statistical-geography/E07000215,E07000215 Tandridge,160,0,0,160
http://statistics.data.gov.uk/id/statistical-geography/E07000216,E07000216 Waverley,70,0,0,70
http://statistics.data.gov.uk/id/statistical-geography/E07000217,E07000217 Woking,270,0,0,270
http://statistics.data.gov.uk/id/statistical-geography/E07000218,E07000218 North Warwickshire,70,40,0,20
http://statistics.data.gov.uk/id/statistical-geography/E07000219,E07000219 Nuneaton and Bedworth,240,40,0,210
http://statistics.data.gov.uk/id/statistical-geography/E07000220,E07000220 Rugby,150,10,100,50
http://statistics.data.gov.uk/id/statistical-geography/E07000221,E07000221 Stratford-on-Avon,170,40,0,130
http://statistics.data.gov.uk/id/statistical-geography/E07000222,E07000222 Warwick,30,0,0,30
http://statistics.data.gov.uk/id/statistical-geography/E07000223,E07000223 Adur,120,40,0,80
http://statistics.data.gov.uk/id/statistical-geography/E07000224,E07000224 Arun,430,,0,
http://statistics.data.gov.uk/id/statistical-geography/E07000225,E07000225 Chichester,300,80,0,220
http://statistics.data.gov.uk/id/statistical-geography/E07000226,E07000226 Crawley,100,30,0,70
http://statistics.data.gov.uk/id/statistical-geography/E07000227,E07000227 Horsham,140,50,0,90
http://statistics.data.gov.uk/id/statistical-geography/E07000228,E07000228 Mid Sussex,500,150,0,350
http://statistics.data.gov.uk/id/statistical-geography/E07000229,E07000229 Worthing,110,10,0,100
http://statistics.data.gov.uk/id/statistical-geography/E07000234,E07000234 Bromsgrove,80,30,0,50
http://statistics.data.gov.uk/id/statistical-geography/E07000235,E07000235 Malvern Hills,180,50,0,130
http://statistics.data.gov.uk/id/statistical-geography/E07000236,E07000236 Redditch,90,0,0,90
http://statistics.data.gov.uk/id/statistical-geography/E07000237,E07000237 Worcester,220,20,0,200
http://statistics.data.gov.uk/id/statistical-geography/E07000238,E07000238 Wychavon,220,80,0,140
http://statistics.data.gov.uk/id/statistical-geography/E08000001,E08000001 Bolton,290,90,0,200
http://statistics.data.gov.uk/id/statistical-geography/E08000002,E08000002 Bury,150,0,0,150
http://statistics.data.gov.uk/id/statistical-geography/E08000003,E08000003 Manchester,830,10,20,800
http://statistics.data.gov.uk/id/statistical-geography/E08000004,E08000004 Oldham,120,10,0,110
http://statistics.data.gov.uk/id/statistical-geography/E08000005,E08000005 Rochdale,250,40,10,200
http://statistics.data.gov.uk/id/statistical-geography/E08000006,E08000006 Salford,480,130,90,260
http://statistics.data.gov.uk/id/statistical-geography/E08000007,E08000007 Stockport,110,10,0,100
http://statistics.data.gov.uk/id/statistical-geography/E08000008,E08000008 Tameside,330,10,0,320
http://statistics.data.gov.uk/id/statistical-geography/E08000009,E08000009 Trafford,270,100,0,160
http://statistics.data.gov.uk/id/statistical-geography/E08000010,E08000010 Wigan,290,30,0,270
http://statistics.data.gov.uk/id/statistical-geography/E08000012,E08000012 Liverpool,730,210,0,520
http://statistics.data.gov.uk/id/statistical-geography/E08000013,E08000013 St. Helens,230,60,0,170
http://statistics.data.gov.uk/id/statistical-geography/E08000014,E08000014 Sefton,420,70,0,350
http://statistics.data.gov.uk/id/statistical-geography/E08000015,E08000015 Wirral,100,10,0,90
http://statistics.data.gov.uk/id/statistical-geography/E08000016,E08000016 Barnsley,810,40,0,770
http://statistics.data.gov.uk/id/statistical-geography/E08000017,E08000017 Doncaster,420,90,0,330
http://statistics.data.gov.uk/id/statistical-geography/E08000018,E08000018 Rotherham,620,80,0,540
http://statistics.data.gov.uk/id/statistical-geography/E08000019,E08000019 Sheffield,630,20,0,610
http://statistics.data.gov.uk/id/statistical-geography/E08000020,E08000020 Gateshead,340,90,0,250
http://statistics.data.gov.uk/id/statistical-geography/E08000021,E08000021 Newcastle upon Tyne,380,60,70,240
http://statistics.data.gov.uk/id/statistical-geography/E08000022,E08000022 North Tyneside,270,0,50,230
http://statistics.data.gov.uk/id/statistical-geography/E08000023,E08000023 South Tyneside,240,90,40,110
http://statistics.data.gov.uk/id/statistical-geography/E08000024,E08000024 Sunderland,540,240,0,300
http://statistics.data.gov.uk/id/statistical-geography/E08000025,E08000025 Birmingham,1030,240,40,750
http://statistics.data.gov.uk/id/statistical-geography/E08000026,E08000026 Coventry,610,140,0,470
http://statistics.data.gov.uk/id/statistical-geography/E08000027,E08000027 Dudley,480,10,0,460
http://statistics.data.gov.uk/id/statistical-geography/E08000028,E08000028 Sandwell,700,90,0,610
http://statistics.data.gov.uk/id/statistical-geography/E08000029,E08000029 Solihull,310,140,0,160
http://statistics.data.gov.uk/id/statistical-geography/E08000030,E08000030 Walsall,470,190,0,280
http://statistics.data.gov.uk/id/statistical-geography/E08000031,E08000031 Wolverhampton,220,50,0,170
http://statistics.data.gov.uk/id/statistical-geography/E08000032,E08000032 Bradford,420,40,0,380
http://statistics.data.gov.uk/id/statistical-geography/E08000033,E08000033 Calderdale,330,10,0,320
http://statistics.data.gov.uk/id/statistical-geography/E08000034,E08000034 Kirklees,670,0,10,670
http://statistics.data.gov.uk/id/statistical-geography/E08000035,E08000035 Leeds,1370,140,10,1220
http://statistics.data.gov.uk/id/statistical-geography/E08000036,E08000036 Wakefield,830,240,0,590
http://statistics.data.gov.uk/id/statistical-geography/E09000001,E09000001 City of London,280,0,0,280
http://statistics.data.gov.uk/id/statistical-geography/E09000002,E09000002 Barking and Dagenham,390,120,30,250
http://statistics.data.gov.uk/id/statistical-geography/E09000003,E09000003 Barnet,510,300,0,210
http://statistics.data.gov.uk/id/statistical-geography/E09000004,E09000004 Bexley,540,170,0,360
http://statistics.data.gov.uk/id/statistical-geography/E09000006,E09000006 Bromley,550,,,
http://statistics.data.gov.uk/id/statistical-geography/E09000007,E09000007 Camden,420,300,0,130
http://statistics.data.gov.uk/id/statistical-geography/E09000008,E09000008 Croydon,430,30,70,330
http://statistics.data.gov.uk/id/statistical-geography/E09000009,E09000009 Ealing,1760,660,60,1050
http://statistics.data.gov.uk/id/statistical-geography/E09000010,E09000010 Enfield,570,320,0,250
http://statistics.data.gov.uk/id/statistical-geography/E09000011,E09000011 Greenwich,570,70,0,500
http://statistics.data.gov.uk/id/statistical-geography/E09000012,E09000012 Hackney,1260,620,40,610
http://statistics.data.gov.uk/id/statistical-geography/E09000013,E09000013 Hammersmith and Fulham,110,10,0,100
http://statistics.data.gov.uk/id/statistical-geography/E09000015,E09000015 Harrow,290,180,0,110
http://statistics.data.gov.uk/id/statistical-geography/E09000016,E09000016 Havering,370,190,0,180
http://statistics.data.gov.uk/id/statistical-geography/E09000017,E09000017 Hillingdon,620,110,30,490
http://statistics.data.gov.uk/id/statistical-geography/E09000018,E09000018 Hounslow,940,530,20,390
http://statistics.data.gov.uk/id/statistical-geography/E09000019,E09000019 Islington,610,280,0,330
http://statistics.data.gov.uk/id/statistical-geography/E09000021,E09000021 Kingston upon Thames,40,30,0,20
http://statistics.data.gov.uk/id/statistical-geography/E09000022,E09000022 Lambeth,470,170,0,290
http://statistics.data.gov.uk/id/statistical-geography/E09000023,E09000023 Lewisham,2060,1350,0,710
http://statistics.data.gov.uk/id/statistical-geography/E09000024,E09000024 Merton,430,270,0,160
http://statistics.data.gov.uk/id/statistical-geography/E09000026,E09000026 Redbridge,110,20,0,90
http://statistics.data.gov.uk/id/statistical-geography/E09000027,E09000027 Richmond upon Thames,,,,300
http://statistics.data.gov.uk/id/statistical-geography/E09000029,E09000029 Sutton,190,110,0,70
http://statistics.data.gov.uk/id/statistical-geography/E09000030,E09000030 Tower Hamlets,2040,690,90,1260
http://statistics.data.gov.uk/id/statistical-geography/E09000031,E09000031 Waltham Forest,380,180,0,200
http://statistics.data.gov.uk/id/statistical-geography/E09000033,E09000033 Westminster,,90,,
http://statistics.data.gov.uk/id/statistical-geography/E10000002,E10000002 Buckinghamshire,1440,410,0,1020
http://statistics.data.gov.uk/id/statistical-geography/E10000006,E10000006 Cumbria,870,250,0,620
http://statistics.data.gov.uk/id/statistical-geography/E10000007,E10000007 Derbyshire,1100,120,0,970
http://statistics.data.gov.uk/id/statistical-geography/E10000008,E10000008 Devon,2000,420,20,1560
http://statistics.data.gov.uk/id/statistical-geography/E10000012,E10000012 Essex,3180,750,0,2440
http://statistics.data.gov.uk/id/statistical-geography/E10000013,E10000013 Gloucestershire,1660,480,0,1180
http://statistics.data.gov.uk/id/statistical-geography/E10000019,E10000019 Lincolnshire,2060,370,0,1680
http://statistics.data.gov.uk/id/statistical-geography/E10000020,E10000020 Norfolk,1980,280,50,1660
http://statistics.data.gov.uk/id/statistical-geography/E10000021,E10000021 Northamptonshire,1780,260,80,1440
http://statistics.data.gov.uk/id/statistical-geography/E10000023,E10000023 North Yorkshire,1000,160,0,850
http://statistics.data.gov.uk/id/statistical-geography/E10000024,E10000024 Nottinghamshire,1680,140,70,1480
http://statistics.data.gov.uk/id/statistical-geography/E10000025,E10000025 Oxfordshire,1220,,,
http://statistics.data.gov.uk/id/statistical-geography/E10000029,E10000029 Suffolk,1480,210,0,1260
http://statistics.data.gov.uk/id/statistical-geography/E10000030,E10000030 Surrey,2300,440,0,1860
http://statistics.data.gov.uk/id/statistical-geography/E10000031,E10000031 Warwickshire,660,120,100,430
http://statistics.data.gov.uk/id/statistical-geography/E10000032,E10000032 West Sussex,1700,,0,
http://statistics.data.gov.uk/id/statistical-geography/E92000001,E92000001 England,111150,24770,1670,84710
