Generated by opendatacommunities.org,2014-03-25T13:53:14+00:00
http://opendatacommunities.org/data/households/social-lettings/general-needs/rents/prp/number-bedrooms,"Average weekly social rent of new PRP general needs lettings, 2012/2013, England, District By Number of Bedrooms"
Reference period,2012-2013

,,http://opendatacommunities.org/def/concept/households/social-lettings/general-needs/rents/prp/number-bedrooms/allBedroomSizes,http://opendatacommunities.org/def/concept/households/social-lettings/general-needs/rents/prp/number-bedrooms/fourOrMoreBedroom,http://opendatacommunities.org/def/concept/households/social-lettings/general-needs/rents/prp/number-bedrooms/oneBedroom,http://opendatacommunities.org/def/concept/households/social-lettings/general-needs/rents/prp/number-bedrooms/threeBedroom,http://opendatacommunities.org/def/concept/households/social-lettings/general-needs/rents/prp/number-bedrooms/twoBedroom
http://opendatacommunities.org/def/ontology/geography/refArea,Reference area,All bedroom sizes,Four or more bedrooms,One bedroom,Three bedrooms,Two bedrooms
http://statistics.data.gov.uk/id/statistical-geography/E06000001,E06000001 Hartlepool,73.33,97.78,65.97,85.41,77.67
http://statistics.data.gov.uk/id/statistical-geography/E06000002,E06000002 Middlesbrough,75.81,91.82,66.21,83.55,75.69
http://statistics.data.gov.uk/id/statistical-geography/E06000003,E06000003 Redcar and Cleveland,79.92,104.27,70.50,87.98,79.02
http://statistics.data.gov.uk/id/statistical-geography/E06000004,E06000004 Stockton-on-Tees,73.13,93.67,65.20,85.20,76.46
http://statistics.data.gov.uk/id/statistical-geography/E06000005,E06000005 Darlington,70.45,85.64,63.11,79.00,73.67
http://statistics.data.gov.uk/id/statistical-geography/E06000006,E06000006 Halton,75.78,95.11,67.70,84.87,76.31
http://statistics.data.gov.uk/id/statistical-geography/E06000007,E06000007 Warrington,76.40,96.61,69.39,89.48,80.30
http://statistics.data.gov.uk/id/statistical-geography/E06000008,E06000008 Blackburn with Darwen,68.95,96.79,62.26,85.60,72.17
http://statistics.data.gov.uk/id/statistical-geography/E06000009,E06000009 Blackpool,80.17,92.68,70.29,88.14,79.40
http://statistics.data.gov.uk/id/statistical-geography/E06000010,"E06000010 Kingston upon Hull, City of",69.63,91.98,63.58,78.16,73.16
http://statistics.data.gov.uk/id/statistical-geography/E06000011,E06000011 East Riding of Yorkshire,84.38,100.75,68.85,92.32,84.21
http://statistics.data.gov.uk/id/statistical-geography/E06000012,E06000012 North East Lincolnshire,70.24,95.30,62.91,77.49,71.96
http://statistics.data.gov.uk/id/statistical-geography/E06000013,E06000013 North Lincolnshire,71.61,99.68,62.87,79.33,72.05
http://statistics.data.gov.uk/id/statistical-geography/E06000014,E06000014 York,83.34,100.80,71.64,96.27,84.63
http://statistics.data.gov.uk/id/statistical-geography/E06000015,E06000015 Derby,81.10,103.16,72.54,93.52,83.74
http://statistics.data.gov.uk/id/statistical-geography/E06000016,E06000016 Leicester,71.61,103.37,62.88,86.15,78.24
http://statistics.data.gov.uk/id/statistical-geography/E06000017,E06000017 Rutland,89.78,129.36,74.17,97.45,87.03
http://statistics.data.gov.uk/id/statistical-geography/E06000018,E06000018 Nottingham,78.36,108.06,70.25,91.83,81.18
http://statistics.data.gov.uk/id/statistical-geography/E06000019,"E06000019 Herefordshire, County of",79.69,106.73,69.11,91.84,80.15
http://statistics.data.gov.uk/id/statistical-geography/E06000020,E06000020 Telford and Wrekin,82.90,111.91,69.15,92.63,81.77
http://statistics.data.gov.uk/id/statistical-geography/E06000021,E06000021 Stoke-on-Trent,70.05,93.57,64.41,84.26,69.96
http://statistics.data.gov.uk/id/statistical-geography/E06000022,E06000022 Bath and North East Somerset,89.44,116.69,80.53,99.65,92.30
http://statistics.data.gov.uk/id/statistical-geography/E06000023,"E06000023 Bristol, City of",87.98,118.76,78.03,106.14,92.24
http://statistics.data.gov.uk/id/statistical-geography/E06000024,E06000024 North Somerset,83.02,128.65,71.42,105.09,84.22
http://statistics.data.gov.uk/id/statistical-geography/E06000025,E06000025 South Gloucestershire,87.97,122.98,76.30,99.90,88.22
http://statistics.data.gov.uk/id/statistical-geography/E06000026,E06000026 Plymouth,68.29,98.23,57.93,77.73,71.30
http://statistics.data.gov.uk/id/statistical-geography/E06000027,E06000027 Torbay,79.73,114.41,69.78,90.84,84.03
http://statistics.data.gov.uk/id/statistical-geography/E06000028,E06000028 Bournemouth,90.38,,82.69,100.42,94.37
http://statistics.data.gov.uk/id/statistical-geography/E06000029,E06000029 Poole,90.11,111.28,83.19,102.96,95.57
http://statistics.data.gov.uk/id/statistical-geography/E06000030,E06000030 Swindon,86.94,119.04,77.93,101.82,89.13
http://statistics.data.gov.uk/id/statistical-geography/E06000031,E06000031 Peterborough,79.85,95.78,70.41,89.07,84.25
http://statistics.data.gov.uk/id/statistical-geography/E06000032,E06000032 Luton,99.04,126.33,75.59,109.18,102.35
http://statistics.data.gov.uk/id/statistical-geography/E06000033,E06000033 Southend-on-Sea,83.87,118.55,72.54,100.30,86.48
http://statistics.data.gov.uk/id/statistical-geography/E06000034,E06000034 Thurrock,98.80,128.63,85.46,108.98,92.04
http://statistics.data.gov.uk/id/statistical-geography/E06000035,E06000035 Medway,103.72,121.26,91.59,123.31,103.40
http://statistics.data.gov.uk/id/statistical-geography/E06000036,E06000036 Bracknell Forest,102.04,128.01,86.02,121.06,107.43
http://statistics.data.gov.uk/id/statistical-geography/E06000037,E06000037 West Berkshire,106.92,143.91,90.97,129.52,112.59
http://statistics.data.gov.uk/id/statistical-geography/E06000038,E06000038 Reading,105.20,142.11,88.54,120.98,105.98
http://statistics.data.gov.uk/id/statistical-geography/E06000039,E06000039 Slough,110.17,146.56,91.64,127.99,114.88
http://statistics.data.gov.uk/id/statistical-geography/E06000040,E06000040 Windsor and Maidenhead,107.62,138.93,96.63,132.35,111.24
http://statistics.data.gov.uk/id/statistical-geography/E06000041,E06000041 Wokingham,108.26,150.07,97.80,128.55,112.34
http://statistics.data.gov.uk/id/statistical-geography/E06000042,E06000042 Milton Keynes,87.84,151.77,74.39,110.73,94.94
http://statistics.data.gov.uk/id/statistical-geography/E06000043,E06000043 Brighton and Hove,83.35,,73.26,116.27,91.11
http://statistics.data.gov.uk/id/statistical-geography/E06000044,E06000044 Portsmouth,88.06,117.98,80.03,108.55,92.86
http://statistics.data.gov.uk/id/statistical-geography/E06000045,E06000045 Southampton,93.62,125.15,85.60,110.81,94.42
http://statistics.data.gov.uk/id/statistical-geography/E06000046,E06000046 Isle of Wight,82.93,103.22,74.24,96.34,83.69
http://statistics.data.gov.uk/id/statistical-geography/E06000047,E06000047 County Durham,70.26,84.99,61.17,76.29,70.01
http://statistics.data.gov.uk/id/statistical-geography/E06000048,E06000048 Northumberland,69.69,82.83,62.88,76.51,70.07
http://statistics.data.gov.uk/id/statistical-geography/E06000049,E06000049 Cheshire East,80.75,99.42,72.52,99.74,86.21
http://statistics.data.gov.uk/id/statistical-geography/E06000050,E06000050 Cheshire West and Chester,83.80,106.08,72.03,94.97,82.18
http://statistics.data.gov.uk/id/statistical-geography/E06000051,E06000051 Shropshire,79.92,98.24,68.25,90.64,81.36
http://statistics.data.gov.uk/id/statistical-geography/E06000052,E06000052 Cornwall,79.61,96.34,70.07,91.64,79.37
http://statistics.data.gov.uk/id/statistical-geography/E06000053,E06000053 Isles of Scilly,101.18,,71.91,123.20,104.80
http://statistics.data.gov.uk/id/statistical-geography/E06000054,E06000054 Wiltshire,91.32,116.87,77.86,103.59,92.25
http://statistics.data.gov.uk/id/statistical-geography/E06000055,E06000055 Bedford,87.61,127.65,78.03,109.03,89.44
http://statistics.data.gov.uk/id/statistical-geography/E06000056,E06000056 Central Bedfordshire,93.78,124.82,78.20,108.38,94.63
http://statistics.data.gov.uk/id/statistical-geography/E07000004,E07000004 Aylesbury Vale,95.42,127.73,85.23,112.05,95.59
http://statistics.data.gov.uk/id/statistical-geography/E07000005,E07000005 Chiltern,105.34,,96.89,137.99,107.79
http://statistics.data.gov.uk/id/statistical-geography/E07000006,E07000006 South Bucks,132.07,150.07,119.40,131.22,144.52
http://statistics.data.gov.uk/id/statistical-geography/E07000007,E07000007 Wycombe,99.42,124.53,84.44,119.11,105.34
http://statistics.data.gov.uk/id/statistical-geography/E07000008,E07000008 Cambridge,106.92,,92.15,131.38,109.10
http://statistics.data.gov.uk/id/statistical-geography/E07000009,E07000009 East Cambridgeshire,92.24,131.54,80.81,103.14,93.53
http://statistics.data.gov.uk/id/statistical-geography/E07000010,E07000010 Fenland,83.02,106.31,74.62,94.13,83.40
http://statistics.data.gov.uk/id/statistical-geography/E07000011,E07000011 Huntingdonshire,85.35,111.40,76.08,95.56,87.20
http://statistics.data.gov.uk/id/statistical-geography/E07000012,E07000012 South Cambridgeshire,105.37,126.42,88.25,120.02,103.10
http://statistics.data.gov.uk/id/statistical-geography/E07000026,E07000026 Allerdale,78.87,93.55,66.65,88.76,77.51
http://statistics.data.gov.uk/id/statistical-geography/E07000027,E07000027 Barrow-in-Furness,78.04,,67.25,83.46,76.93
http://statistics.data.gov.uk/id/statistical-geography/E07000028,E07000028 Carlisle,73.67,116.08,67.60,89.52,78.02
http://statistics.data.gov.uk/id/statistical-geography/E07000029,E07000029 Copeland,81.00,100.08,69.27,87.53,78.37
http://statistics.data.gov.uk/id/statistical-geography/E07000030,E07000030 Eden,87.21,112.75,74.13,99.45,88.53
http://statistics.data.gov.uk/id/statistical-geography/E07000031,E07000031 South Lakeland,86.25,103.01,75.28,94.37,84.93
http://statistics.data.gov.uk/id/statistical-geography/E07000032,E07000032 Amber Valley,82.42,97.32,69.58,87.35,79.97
http://statistics.data.gov.uk/id/statistical-geography/E07000033,E07000033 Bolsover,82.19,110.27,71.17,88.72,80.11
http://statistics.data.gov.uk/id/statistical-geography/E07000034,E07000034 Chesterfield,82.36,107.13,68.75,93.73,81.40
http://statistics.data.gov.uk/id/statistical-geography/E07000035,E07000035 Derbyshire Dales,89.78,104.48,76.22,99.91,91.28
http://statistics.data.gov.uk/id/statistical-geography/E07000036,E07000036 Erewash,79.54,97.82,69.22,89.21,80.35
http://statistics.data.gov.uk/id/statistical-geography/E07000037,E07000037 High Peak,86.92,,77.45,99.07,87.84
http://statistics.data.gov.uk/id/statistical-geography/E07000038,E07000038 North East Derbyshire,81.75,,68.61,94.15,83.53
http://statistics.data.gov.uk/id/statistical-geography/E07000039,E07000039 South Derbyshire,83.05,134.12,70.03,97.03,82.33
http://statistics.data.gov.uk/id/statistical-geography/E07000040,E07000040 East Devon,88.55,109.68,77.10,95.44,87.18
http://statistics.data.gov.uk/id/statistical-geography/E07000041,E07000041 Exeter,76.83,100.07,70.73,88.77,78.97
http://statistics.data.gov.uk/id/statistical-geography/E07000042,E07000042 Mid Devon,77.92,,67.89,95.01,81.92
http://statistics.data.gov.uk/id/statistical-geography/E07000043,E07000043 North Devon,76.56,98.04,67.12,87.35,79.20
http://statistics.data.gov.uk/id/statistical-geography/E07000044,E07000044 South Hams,86.96,111.89,77.10,102.40,88.51
http://statistics.data.gov.uk/id/statistical-geography/E07000045,E07000045 Teignbridge,77.41,91.53,73.14,85.58,77.22
http://statistics.data.gov.uk/id/statistical-geography/E07000046,E07000046 Torridge,76.90,103.68,68.74,87.98,74.54
http://statistics.data.gov.uk/id/statistical-geography/E07000047,E07000047 West Devon,74.88,,67.54,90.05,80.91
http://statistics.data.gov.uk/id/statistical-geography/E07000048,E07000048 Christchurch,88.68,,78.69,101.01,92.83
http://statistics.data.gov.uk/id/statistical-geography/E07000049,E07000049 East Dorset,86.76,,77.98,109.95,87.96
http://statistics.data.gov.uk/id/statistical-geography/E07000050,E07000050 North Dorset,91.74,114.74,77.68,108.37,92.22
http://statistics.data.gov.uk/id/statistical-geography/E07000051,E07000051 Purbeck,94.38,106.89,81.05,107.42,93.44
http://statistics.data.gov.uk/id/statistical-geography/E07000052,E07000052 West Dorset,87.05,109.56,76.74,102.94,87.11
http://statistics.data.gov.uk/id/statistical-geography/E07000053,E07000053 Weymouth and Portland,82.99,101.05,72.71,100.31,86.80
http://statistics.data.gov.uk/id/statistical-geography/E07000061,E07000061 Eastbourne,91.00,124.89,71.74,115.09,92.39
http://statistics.data.gov.uk/id/statistical-geography/E07000062,E07000062 Hastings,81.95,113.54,73.24,104.70,80.90
http://statistics.data.gov.uk/id/statistical-geography/E07000063,E07000063 Lewes,86.51,145.97,73.33,100.44,85.73
http://statistics.data.gov.uk/id/statistical-geography/E07000064,E07000064 Rother,90.53,107.95,78.44,104.94,94.26
http://statistics.data.gov.uk/id/statistical-geography/E07000065,E07000065 Wealden,107.80,140.87,73.25,121.41,98.21
http://statistics.data.gov.uk/id/statistical-geography/E07000066,E07000066 Basildon,98.89,126.99,78.73,109.92,99.27
http://statistics.data.gov.uk/id/statistical-geography/E07000067,E07000067 Braintree,85.79,109.99,74.84,94.93,87.47
http://statistics.data.gov.uk/id/statistical-geography/E07000068,E07000068 Brentwood,110.49,,99.75,117.89,109.86
http://statistics.data.gov.uk/id/statistical-geography/E07000069,E07000069 Castle Point,81.92,,76.65,98.16,84.37
http://statistics.data.gov.uk/id/statistical-geography/E07000070,E07000070 Chelmsford,88.79,121.74,81.15,103.25,92.08
http://statistics.data.gov.uk/id/statistical-geography/E07000071,E07000071 Colchester,92.68,121.17,81.67,108.30,91.00
http://statistics.data.gov.uk/id/statistical-geography/E07000072,E07000072 Epping Forest,102.63,143.12,88.51,107.82,115.42
http://statistics.data.gov.uk/id/statistical-geography/E07000073,E07000073 Harlow,96.74,137.21,84.80,119.40,102.34
http://statistics.data.gov.uk/id/statistical-geography/E07000074,E07000074 Maldon,96.30,119.21,79.79,111.92,95.77
http://statistics.data.gov.uk/id/statistical-geography/E07000075,E07000075 Rochford,92.48,122.05,81.81,107.86,95.62
http://statistics.data.gov.uk/id/statistical-geography/E07000076,E07000076 Tendring,89.06,,82.11,102.60,87.53
http://statistics.data.gov.uk/id/statistical-geography/E07000077,E07000077 Uttlesford,102.11,139.97,87.56,122.01,99.52
http://statistics.data.gov.uk/id/statistical-geography/E07000078,E07000078 Cheltenham,83.63,103.54,75.80,92.58,85.52
http://statistics.data.gov.uk/id/statistical-geography/E07000079,E07000079 Cotswold,93.47,132.23,80.02,109.15,94.08
http://statistics.data.gov.uk/id/statistical-geography/E07000080,E07000080 Forest of Dean,82.53,,74.76,95.58,83.54
http://statistics.data.gov.uk/id/statistical-geography/E07000081,E07000081 Gloucester,85.61,126.28,73.40,97.34,85.36
http://statistics.data.gov.uk/id/statistical-geography/E07000082,E07000082 Stroud,93.66,115.05,79.12,103.89,90.00
http://statistics.data.gov.uk/id/statistical-geography/E07000083,E07000083 Tewkesbury,88.59,129.24,74.33,104.15,87.59
http://statistics.data.gov.uk/id/statistical-geography/E07000084,E07000084 Basingstoke and Deane,98.42,126.25,84.43,114.61,103.43
http://statistics.data.gov.uk/id/statistical-geography/E07000085,E07000085 East Hampshire,106.67,140.96,92.05,118.05,112.50
http://statistics.data.gov.uk/id/statistical-geography/E07000086,E07000086 Eastleigh,101.15,130.19,88.58,112.49,99.14
http://statistics.data.gov.uk/id/statistical-geography/E07000087,E07000087 Fareham,107.27,150.59,83.22,119.41,99.05
http://statistics.data.gov.uk/id/statistical-geography/E07000088,E07000088 Gosport,91.11,107.55,82.67,105.76,95.46
http://statistics.data.gov.uk/id/statistical-geography/E07000089,E07000089 Hart,108.31,145.08,93.92,124.31,106.76
http://statistics.data.gov.uk/id/statistical-geography/E07000090,E07000090 Havant,89.80,128.91,72.20,114.37,93.23
http://statistics.data.gov.uk/id/statistical-geography/E07000091,E07000091 New Forest,98.25,134.30,87.39,112.03,99.88
http://statistics.data.gov.uk/id/statistical-geography/E07000092,E07000092 Rushmoor,100.81,129.30,86.42,118.61,103.42
http://statistics.data.gov.uk/id/statistical-geography/E07000093,E07000093 Test Valley,102.21,128.00,86.47,117.33,104.33
http://statistics.data.gov.uk/id/statistical-geography/E07000094,E07000094 Winchester,103.89,139.15,91.38,126.86,106.96
http://statistics.data.gov.uk/id/statistical-geography/E07000095,E07000095 Broxbourne,98.21,150.07,84.48,119.90,103.06
http://statistics.data.gov.uk/id/statistical-geography/E07000096,E07000096 Dacorum,104.22,148.23,90.70,125.79,110.56
http://statistics.data.gov.uk/id/statistical-geography/E07000097,E07000097 East Hertfordshire,105.28,140.83,89.84,128.11,110.57
http://statistics.data.gov.uk/id/statistical-geography/E07000098,E07000098 Hertsmere,109.99,142.81,93.57,134.18,111.64
http://statistics.data.gov.uk/id/statistical-geography/E07000099,E07000099 North Hertfordshire,98.63,129.71,82.70,112.48,99.80
http://statistics.data.gov.uk/id/statistical-geography/E07000101,E07000101 Stevenage,94.34,,82.78,119.26,103.90
http://statistics.data.gov.uk/id/statistical-geography/E07000102,E07000102 Three Rivers,93.62,140.08,82.99,118.82,104.22
http://statistics.data.gov.uk/id/statistical-geography/E07000103,E07000103 Watford,107.56,144.41,94.47,125.57,105.57
http://statistics.data.gov.uk/id/statistical-geography/E07000105,E07000105 Ashford,92.19,130.81,84.86,98.20,98.39
http://statistics.data.gov.uk/id/statistical-geography/E07000106,E07000106 Canterbury,97.81,132.72,80.66,113.43,100.25
http://statistics.data.gov.uk/id/statistical-geography/E07000107,E07000107 Dartford,96.49,,85.79,126.90,102.52
http://statistics.data.gov.uk/id/statistical-geography/E07000108,E07000108 Dover,80.75,107.19,75.21,91.82,84.20
http://statistics.data.gov.uk/id/statistical-geography/E07000109,E07000109 Gravesham,100.45,121.82,93.14,109.36,96.87
http://statistics.data.gov.uk/id/statistical-geography/E07000110,E07000110 Maidstone,89.33,115.82,76.72,105.76,91.14
http://statistics.data.gov.uk/id/statistical-geography/E07000111,E07000111 Sevenoaks,99.73,114.83,85.75,110.82,101.25
http://statistics.data.gov.uk/id/statistical-geography/E07000112,E07000112 Shepway,84.48,118.26,73.41,98.47,89.34
http://statistics.data.gov.uk/id/statistical-geography/E07000113,E07000113 Swale,89.10,122.27,77.47,103.16,91.88
http://statistics.data.gov.uk/id/statistical-geography/E07000114,E07000114 Thanet,85.53,106.42,76.10,108.08,89.40
http://statistics.data.gov.uk/id/statistical-geography/E07000115,E07000115 Tonbridge and Malling,98.59,139.77,85.55,115.72,98.50
http://statistics.data.gov.uk/id/statistical-geography/E07000116,E07000116 Tunbridge Wells,95.31,133.87,84.81,118.74,99.69
http://statistics.data.gov.uk/id/statistical-geography/E07000117,E07000117 Burnley,74.28,90.77,64.08,84.20,75.38
http://statistics.data.gov.uk/id/statistical-geography/E07000118,E07000118 Chorley,74.57,89.92,65.66,85.64,75.18
http://statistics.data.gov.uk/id/statistical-geography/E07000119,E07000119 Fylde,81.96,96.99,70.76,91.72,82.29
http://statistics.data.gov.uk/id/statistical-geography/E07000120,E07000120 Hyndburn,72.78,88.62,64.71,79.02,71.40
http://statistics.data.gov.uk/id/statistical-geography/E07000121,E07000121 Lancaster,72.18,96.00,65.81,86.69,79.00
http://statistics.data.gov.uk/id/statistical-geography/E07000122,E07000122 Pendle,68.42,84.92,61.62,79.74,69.59
http://statistics.data.gov.uk/id/statistical-geography/E07000123,E07000123 Preston,69.59,83.37,61.43,79.75,73.10
http://statistics.data.gov.uk/id/statistical-geography/E07000124,E07000124 Ribble Valley,75.45,,67.24,82.89,79.65
http://statistics.data.gov.uk/id/statistical-geography/E07000125,E07000125 Rossendale,64.98,,61.09,80.79,70.01
http://statistics.data.gov.uk/id/statistical-geography/E07000126,E07000126 South Ribble,79.40,100.75,68.76,89.90,79.78
http://statistics.data.gov.uk/id/statistical-geography/E07000127,E07000127 West Lancashire,82.23,,68.10,97.37,90.91
http://statistics.data.gov.uk/id/statistical-geography/E07000128,E07000128 Wyre,74.22,112.49,67.83,85.05,76.48
http://statistics.data.gov.uk/id/statistical-geography/E07000129,E07000129 Blaby,77.88,99.29,64.26,91.30,78.52
http://statistics.data.gov.uk/id/statistical-geography/E07000130,E07000130 Charnwood,83.31,110.25,70.98,97.50,83.91
http://statistics.data.gov.uk/id/statistical-geography/E07000131,E07000131 Harborough,82.15,,71.73,92.34,84.40
http://statistics.data.gov.uk/id/statistical-geography/E07000132,E07000132 Hinckley and Bosworth,86.23,131.23,76.43,95.73,84.78
http://statistics.data.gov.uk/id/statistical-geography/E07000133,E07000133 Melton,87.92,,66.33,103.43,87.70
http://statistics.data.gov.uk/id/statistical-geography/E07000134,E07000134 North West Leicestershire,79.12,104.67,66.90,87.79,80.99
http://statistics.data.gov.uk/id/statistical-geography/E07000135,E07000135 Oadby and Wigston,83.18,,74.16,95.10,86.41
http://statistics.data.gov.uk/id/statistical-geography/E07000136,E07000136 Boston,73.66,95.75,62.41,83.65,73.44
http://statistics.data.gov.uk/id/statistical-geography/E07000137,E07000137 East Lindsey,77.31,88.18,68.97,83.10,76.52
http://statistics.data.gov.uk/id/statistical-geography/E07000138,E07000138 Lincoln,72.89,,65.24,85.73,80.05
http://statistics.data.gov.uk/id/statistical-geography/E07000139,E07000139 North Kesteven,80.65,106.89,67.61,88.50,80.78
http://statistics.data.gov.uk/id/statistical-geography/E07000140,E07000140 South Holland,78.27,91.54,67.04,84.52,77.74
http://statistics.data.gov.uk/id/statistical-geography/E07000141,E07000141 South Kesteven,81.53,99.93,74.61,87.20,80.58
http://statistics.data.gov.uk/id/statistical-geography/E07000142,E07000142 West Lindsey,71.88,84.88,58.71,78.59,73.20
http://statistics.data.gov.uk/id/statistical-geography/E07000143,E07000143 Breckland,80.97,95.99,69.23,89.39,82.32
http://statistics.data.gov.uk/id/statistical-geography/E07000144,E07000144 Broadland,89.29,121.76,78.13,101.18,87.38
http://statistics.data.gov.uk/id/statistical-geography/E07000145,E07000145 Great Yarmouth,78.35,95.20,69.84,92.03,79.01
http://statistics.data.gov.uk/id/statistical-geography/E07000146,E07000146 King's Lynn and West Norfolk,75.48,91.77,69.30,85.55,76.04
http://statistics.data.gov.uk/id/statistical-geography/E07000147,E07000147 North Norfolk,82.46,95.22,70.92,95.88,82.86
http://statistics.data.gov.uk/id/statistical-geography/E07000148,E07000148 Norwich,80.99,101.46,70.37,96.49,84.51
http://statistics.data.gov.uk/id/statistical-geography/E07000149,E07000149 South Norfolk,83.29,145.64,72.41,96.39,82.29
http://statistics.data.gov.uk/id/statistical-geography/E07000150,E07000150 Corby,84.44,98.13,70.34,95.76,83.14
http://statistics.data.gov.uk/id/statistical-geography/E07000151,E07000151 Daventry,83.31,99.94,69.75,94.86,86.57
http://statistics.data.gov.uk/id/statistical-geography/E07000152,E07000152 East Northamptonshire,87.16,107.63,76.27,95.47,88.37
http://statistics.data.gov.uk/id/statistical-geography/E07000153,E07000153 Kettering,88.36,111.16,73.29,101.01,87.12
http://statistics.data.gov.uk/id/statistical-geography/E07000154,E07000154 Northampton,87.09,123.39,76.45,104.40,90.08
http://statistics.data.gov.uk/id/statistical-geography/E07000155,E07000155 South Northamptonshire,93.84,108.33,83.99,104.58,92.60
http://statistics.data.gov.uk/id/statistical-geography/E07000156,E07000156 Wellingborough,77.99,98.12,68.22,84.16,80.05
http://statistics.data.gov.uk/id/statistical-geography/E07000163,E07000163 Craven,85.31,,69.31,97.74,84.77
http://statistics.data.gov.uk/id/statistical-geography/E07000164,E07000164 Hambleton,84.73,99.43,76.52,95.15,85.83
http://statistics.data.gov.uk/id/statistical-geography/E07000165,E07000165 Harrogate,87.04,88.69,74.77,111.42,90.25
http://statistics.data.gov.uk/id/statistical-geography/E07000166,E07000166 Richmondshire,86.23,,75.74,95.39,86.54
http://statistics.data.gov.uk/id/statistical-geography/E07000167,E07000167 Ryedale,85.96,103.23,74.41,98.16,88.08
http://statistics.data.gov.uk/id/statistical-geography/E07000168,E07000168 Scarborough,76.68,89.83,67.44,85.84,80.63
http://statistics.data.gov.uk/id/statistical-geography/E07000169,E07000169 Selby,83.22,88.36,71.09,90.78,84.31
http://statistics.data.gov.uk/id/statistical-geography/E07000170,E07000170 Ashfield,78.65,86.84,62.91,82.64,78.78
http://statistics.data.gov.uk/id/statistical-geography/E07000171,E07000171 Bassetlaw,78.81,,66.07,86.89,77.97
http://statistics.data.gov.uk/id/statistical-geography/E07000172,E07000172 Broxtowe,74.40,,68.66,94.78,79.24
http://statistics.data.gov.uk/id/statistical-geography/E07000173,E07000173 Gedling,78.77,104.97,69.57,86.36,77.95
http://statistics.data.gov.uk/id/statistical-geography/E07000174,E07000174 Mansfield,75.17,88.92,63.35,83.04,74.58
http://statistics.data.gov.uk/id/statistical-geography/E07000175,E07000175 Newark and Sherwood,79.91,87.56,67.32,90.26,83.49
http://statistics.data.gov.uk/id/statistical-geography/E07000176,E07000176 Rushcliffe,91.11,105.34,76.54,103.72,88.94
http://statistics.data.gov.uk/id/statistical-geography/E07000177,E07000177 Cherwell,90.17,111.58,80.86,101.92,92.11
http://statistics.data.gov.uk/id/statistical-geography/E07000178,E07000178 Oxford,101.53,134.11,88.41,120.30,107.69
http://statistics.data.gov.uk/id/statistical-geography/E07000179,E07000179 South Oxfordshire,106.00,148.29,86.11,120.64,103.59
http://statistics.data.gov.uk/id/statistical-geography/E07000180,E07000180 Vale of White Horse,104.79,142.24,89.69,123.25,105.44
http://statistics.data.gov.uk/id/statistical-geography/E07000181,E07000181 West Oxfordshire,107.79,130.73,95.92,119.10,110.13
http://statistics.data.gov.uk/id/statistical-geography/E07000187,E07000187 Mendip,84.33,110.30,71.45,98.18,84.24
http://statistics.data.gov.uk/id/statistical-geography/E07000188,E07000188 Sedgemoor,90.24,120.62,70.25,100.25,87.35
http://statistics.data.gov.uk/id/statistical-geography/E07000189,E07000189 South Somerset,86.88,118.93,71.77,97.32,85.28
http://statistics.data.gov.uk/id/statistical-geography/E07000190,E07000190 Taunton Deane,85.02,108.69,72.27,100.20,86.70
http://statistics.data.gov.uk/id/statistical-geography/E07000191,E07000191 West Somerset,85.21,,69.18,96.03,86.48
http://statistics.data.gov.uk/id/statistical-geography/E07000192,E07000192 Cannock Chase,84.24,104.07,71.18,94.11,81.96
http://statistics.data.gov.uk/id/statistical-geography/E07000193,E07000193 East Staffordshire,73.11,90.10,65.54,86.61,76.39
http://statistics.data.gov.uk/id/statistical-geography/E07000194,E07000194 Lichfield,78.67,106.61,71.40,93.85,79.68
http://statistics.data.gov.uk/id/statistical-geography/E07000195,E07000195 Newcastle-under-Lyme,72.04,92.81,65.18,81.96,73.53
http://statistics.data.gov.uk/id/statistical-geography/E07000196,E07000196 South Staffordshire,80.09,95.12,72.30,90.53,79.92
http://statistics.data.gov.uk/id/statistical-geography/E07000197,E07000197 Stafford,75.59,89.64,64.97,85.07,76.30
http://statistics.data.gov.uk/id/statistical-geography/E07000198,E07000198 Staffordshire Moorlands,79.12,99.13,72.96,88.84,78.60
http://statistics.data.gov.uk/id/statistical-geography/E07000199,E07000199 Tamworth,80.72,116.20,66.74,93.60,85.46
http://statistics.data.gov.uk/id/statistical-geography/E07000200,E07000200 Babergh,82.28,105.23,73.17,97.81,85.34
http://statistics.data.gov.uk/id/statistical-geography/E07000201,E07000201 Forest Heath,85.53,102.25,73.09,104.97,86.40
http://statistics.data.gov.uk/id/statistical-geography/E07000202,E07000202 Ipswich,78.19,124.35,65.73,94.59,85.01
http://statistics.data.gov.uk/id/statistical-geography/E07000203,E07000203 Mid Suffolk,84.99,113.96,70.12,103.95,85.99
http://statistics.data.gov.uk/id/statistical-geography/E07000204,E07000204 St Edmundsbury,85.82,127.32,72.60,103.79,89.36
http://statistics.data.gov.uk/id/statistical-geography/E07000205,E07000205 Suffolk Coastal,85.49,109.75,71.47,97.14,86.15
http://statistics.data.gov.uk/id/statistical-geography/E07000206,E07000206 Waveney,83.53,106.69,70.72,95.60,82.86
http://statistics.data.gov.uk/id/statistical-geography/E07000207,E07000207 Elmbridge,103.89,155.47,94.49,129.83,109.20
http://statistics.data.gov.uk/id/statistical-geography/E07000208,E07000208 Epsom and Ewell,105.87,143.85,91.39,129.16,110.14
http://statistics.data.gov.uk/id/statistical-geography/E07000209,E07000209 Guildford,111.91,,98.39,138.52,122.51
http://statistics.data.gov.uk/id/statistical-geography/E07000210,E07000210 Mole Valley,102.56,142.79,90.55,123.43,113.19
http://statistics.data.gov.uk/id/statistical-geography/E07000211,E07000211 Reigate and Banstead,111.31,145.12,92.52,139.45,116.61
http://statistics.data.gov.uk/id/statistical-geography/E07000212,E07000212 Runnymede,112.86,148.53,98.86,135.63,114.40
http://statistics.data.gov.uk/id/statistical-geography/E07000213,E07000213 Spelthorne,105.69,129.99,92.26,122.68,112.18
http://statistics.data.gov.uk/id/statistical-geography/E07000214,E07000214 Surrey Heath,102.46,133.58,88.61,118.57,104.08
http://statistics.data.gov.uk/id/statistical-geography/E07000215,E07000215 Tandridge,113.10,150.07,91.75,133.53,121.98
http://statistics.data.gov.uk/id/statistical-geography/E07000216,E07000216 Waverley,116.06,139.00,97.09,134.58,112.89
http://statistics.data.gov.uk/id/statistical-geography/E07000217,E07000217 Woking,106.82,149.90,95.03,125.69,106.63
http://statistics.data.gov.uk/id/statistical-geography/E07000218,E07000218 North Warwickshire,91.58,,76.02,99.00,91.50
http://statistics.data.gov.uk/id/statistical-geography/E07000219,E07000219 Nuneaton and Bedworth,86.74,,74.44,102.57,88.94
http://statistics.data.gov.uk/id/statistical-geography/E07000220,E07000220 Rugby,85.87,,71.73,101.89,89.61
http://statistics.data.gov.uk/id/statistical-geography/E07000221,E07000221 Stratford-on-Avon,95.56,132.13,82.98,109.61,96.24
http://statistics.data.gov.uk/id/statistical-geography/E07000222,E07000222 Warwick,89.84,,79.65,109.90,96.83
http://statistics.data.gov.uk/id/statistical-geography/E07000223,E07000223 Adur,108.46,142.15,86.85,132.45,97.57
http://statistics.data.gov.uk/id/statistical-geography/E07000224,E07000224 Arun,95.56,127.38,83.04,109.70,94.83
http://statistics.data.gov.uk/id/statistical-geography/E07000225,E07000225 Chichester,98.22,124.91,86.82,116.51,99.74
http://statistics.data.gov.uk/id/statistical-geography/E07000226,E07000226 Crawley,104.21,150.14,89.68,106.65,117.33
http://statistics.data.gov.uk/id/statistical-geography/E07000227,E07000227 Horsham,99.68,133.34,89.25,123.26,102.73
http://statistics.data.gov.uk/id/statistical-geography/E07000228,E07000228 Mid Sussex,109.11,145.61,87.15,130.50,107.31
http://statistics.data.gov.uk/id/statistical-geography/E07000229,E07000229 Worthing,94.46,139.19,82.28,112.05,97.16
http://statistics.data.gov.uk/id/statistical-geography/E07000234,E07000234 Bromsgrove,82.08,112.85,72.16,92.10,79.77
http://statistics.data.gov.uk/id/statistical-geography/E07000235,E07000235 Malvern Hills,83.91,105.45,75.21,97.21,84.23
http://statistics.data.gov.uk/id/statistical-geography/E07000236,E07000236 Redditch,70.24,,63.65,94.96,83.35
http://statistics.data.gov.uk/id/statistical-geography/E07000237,E07000237 Worcester,79.48,109.88,66.63,91.63,81.42
http://statistics.data.gov.uk/id/statistical-geography/E07000238,E07000238 Wychavon,85.65,107.57,72.89,100.34,87.28
http://statistics.data.gov.uk/id/statistical-geography/E07000239,E07000239 Wyre Forest,77.94,94.75,65.32,87.97,75.91
http://statistics.data.gov.uk/id/statistical-geography/E07000240,E07000240 St Albans,110.88,141.78,96.30,129.80,116.42
http://statistics.data.gov.uk/id/statistical-geography/E07000241,E07000241 Welwyn Hatfield,96.80,137.65,88.00,121.79,106.06
http://statistics.data.gov.uk/id/statistical-geography/E08000001,E08000001 Bolton,72.12,93.75,62.96,85.54,74.51
http://statistics.data.gov.uk/id/statistical-geography/E08000002,E08000002 Bury,74.75,87.15,67.29,87.89,78.33
http://statistics.data.gov.uk/id/statistical-geography/E08000003,E08000003 Manchester,73.78,91.73,65.62,83.38,73.61
http://statistics.data.gov.uk/id/statistical-geography/E08000004,E08000004 Oldham,75.35,97.60,67.23,88.58,76.48
http://statistics.data.gov.uk/id/statistical-geography/E08000005,E08000005 Rochdale,68.88,94.81,61.59,78.48,72.82
http://statistics.data.gov.uk/id/statistical-geography/E08000006,E08000006 Salford,72.23,90.30,65.50,80.89,72.87
http://statistics.data.gov.uk/id/statistical-geography/E08000007,E08000007 Stockport,76.21,98.72,70.75,85.37,79.96
http://statistics.data.gov.uk/id/statistical-geography/E08000008,E08000008 Tameside,72.96,100.79,66.08,87.53,76.00
http://statistics.data.gov.uk/id/statistical-geography/E08000009,E08000009 Trafford,76.58,96.07,72.39,88.85,79.17
http://statistics.data.gov.uk/id/statistical-geography/E08000010,E08000010 Wigan,71.56,,66.26,82.59,77.88
http://statistics.data.gov.uk/id/statistical-geography/E08000011,E08000011 Knowsley,75.86,93.66,65.69,85.46,76.14
http://statistics.data.gov.uk/id/statistical-geography/E08000012,E08000012 Liverpool,75.90,92.58,67.73,83.87,76.23
http://statistics.data.gov.uk/id/statistical-geography/E08000013,E08000013 St. Helens,80.53,97.27,70.78,87.73,79.26
http://statistics.data.gov.uk/id/statistical-geography/E08000014,E08000014 Sefton,75.91,91.38,67.49,84.86,74.59
http://statistics.data.gov.uk/id/statistical-geography/E08000015,E08000015 Wirral,76.43,93.05,68.44,84.15,75.59
http://statistics.data.gov.uk/id/statistical-geography/E08000016,E08000016 Barnsley,77.64,97.28,63.30,87.92,77.09
http://statistics.data.gov.uk/id/statistical-geography/E08000017,E08000017 Doncaster,75.31,98.72,65.81,88.86,76.75
http://statistics.data.gov.uk/id/statistical-geography/E08000018,E08000018 Rotherham,75.55,100.96,65.41,85.59,76.71
http://statistics.data.gov.uk/id/statistical-geography/E08000019,E08000019 Sheffield,72.23,101.66,64.68,81.30,72.70
http://statistics.data.gov.uk/id/statistical-geography/E08000020,E08000020 Gateshead,71.39,92.06,63.34,81.88,75.92
http://statistics.data.gov.uk/id/statistical-geography/E08000021,E08000021 Newcastle upon Tyne,72.08,90.48,64.53,82.49,77.05
http://statistics.data.gov.uk/id/statistical-geography/E08000022,E08000022 North Tyneside,74.65,115.00,66.47,91.99,78.52
http://statistics.data.gov.uk/id/statistical-geography/E08000023,E08000023 South Tyneside,74.37,92.24,66.58,90.44,75.25
http://statistics.data.gov.uk/id/statistical-geography/E08000024,E08000024 Sunderland,70.49,88.84,63.37,79.56,72.47
http://statistics.data.gov.uk/id/statistical-geography/E08000025,E08000025 Birmingham,83.95,111.86,75.03,98.25,86.29
http://statistics.data.gov.uk/id/statistical-geography/E08000026,E08000026 Coventry,75.19,118.38,66.04,93.24,82.42
http://statistics.data.gov.uk/id/statistical-geography/E08000027,E08000027 Dudley,83.64,118.07,71.08,98.79,86.02
http://statistics.data.gov.uk/id/statistical-geography/E08000028,E08000028 Sandwell,82.72,111.02,71.92,97.13,84.81
http://statistics.data.gov.uk/id/statistical-geography/E08000029,E08000029 Solihull,99.05,137.81,76.97,111.68,93.76
http://statistics.data.gov.uk/id/statistical-geography/E08000030,E08000030 Walsall,77.33,101.15,70.78,88.42,77.49
http://statistics.data.gov.uk/id/statistical-geography/E08000031,E08000031 Wolverhampton,80.72,101.23,71.23,95.36,84.43
http://statistics.data.gov.uk/id/statistical-geography/E08000032,E08000032 Bradford,71.77,99.99,64.47,86.32,73.20
http://statistics.data.gov.uk/id/statistical-geography/E08000033,E08000033 Calderdale,71.23,98.66,63.92,84.58,74.27
http://statistics.data.gov.uk/id/statistical-geography/E08000034,E08000034 Kirklees,76.01,105.52,68.91,91.41,77.47
http://statistics.data.gov.uk/id/statistical-geography/E08000035,E08000035 Leeds,76.64,94.86,66.03,87.81,79.44
http://statistics.data.gov.uk/id/statistical-geography/E08000036,E08000036 Wakefield,75.04,92.69,66.78,84.54,75.04
http://statistics.data.gov.uk/id/statistical-geography/E09000001,E09000001 City of London,134.76,,125.12,142.57,137.49
http://statistics.data.gov.uk/id/statistical-geography/E09000002,E09000002 Barking and Dagenham,111.69,122.74,88.03,114.43,106.55
http://statistics.data.gov.uk/id/statistical-geography/E09000003,E09000003 Barnet,119.39,157.97,102.30,136.76,123.14
http://statistics.data.gov.uk/id/statistical-geography/E09000004,E09000004 Bexley,107.49,139.02,92.92,125.26,112.46
http://statistics.data.gov.uk/id/statistical-geography/E09000005,E09000005 Brent,113.12,125.03,100.94,125.47,113.31
http://statistics.data.gov.uk/id/statistical-geography/E09000006,E09000006 Bromley,110.84,140.30,95.49,131.38,110.35
http://statistics.data.gov.uk/id/statistical-geography/E09000007,E09000007 Camden,127.53,147.37,114.60,139.23,129.22
http://statistics.data.gov.uk/id/statistical-geography/E09000008,E09000008 Croydon,117.86,142.65,99.77,129.87,116.30
http://statistics.data.gov.uk/id/statistical-geography/E09000009,E09000009 Ealing,116.77,148.38,102.59,137.56,119.27
http://statistics.data.gov.uk/id/statistical-geography/E09000010,E09000010 Enfield,124.20,149.70,98.09,137.25,113.26
http://statistics.data.gov.uk/id/statistical-geography/E09000011,E09000011 Greenwich,119.09,143.34,100.36,126.25,121.37
http://statistics.data.gov.uk/id/statistical-geography/E09000012,E09000012 Hackney,113.09,140.07,97.90,123.33,109.51
http://statistics.data.gov.uk/id/statistical-geography/E09000013,E09000013 Hammersmith and Fulham,125.14,149.65,117.24,130.28,135.65
http://statistics.data.gov.uk/id/statistical-geography/E09000014,E09000014 Haringey,106.67,131.16,93.44,121.80,106.06
http://statistics.data.gov.uk/id/statistical-geography/E09000015,E09000015 Harrow,125.43,148.54,103.72,136.65,124.65
http://statistics.data.gov.uk/id/statistical-geography/E09000016,E09000016 Havering,103.14,137.14,81.39,109.46,102.96
http://statistics.data.gov.uk/id/statistical-geography/E09000017,E09000017 Hillingdon,117.87,141.73,99.03,130.76,116.90
http://statistics.data.gov.uk/id/statistical-geography/E09000018,E09000018 Hounslow,110.40,141.88,97.51,124.77,114.16
http://statistics.data.gov.uk/id/statistical-geography/E09000019,E09000019 Islington,123.68,145.84,109.79,135.34,124.95
http://statistics.data.gov.uk/id/statistical-geography/E09000020,E09000020 Kensington and Chelsea,118.67,148.25,111.59,142.67,131.03
http://statistics.data.gov.uk/id/statistical-geography/E09000021,E09000021 Kingston upon Thames,126.69,150.12,107.78,138.49,126.70
http://statistics.data.gov.uk/id/statistical-geography/E09000022,E09000022 Lambeth,112.18,139.46,100.58,128.45,115.29
http://statistics.data.gov.uk/id/statistical-geography/E09000023,E09000023 Lewisham,109.47,143.67,93.68,122.98,109.75
http://statistics.data.gov.uk/id/statistical-geography/E09000024,E09000024 Merton,115.90,142.79,97.08,126.42,114.14
http://statistics.data.gov.uk/id/statistical-geography/E09000025,E09000025 Newham,112.17,140.88,97.62,128.67,110.80
http://statistics.data.gov.uk/id/statistical-geography/E09000026,E09000026 Redbridge,107.72,,94.28,140.62,107.97
http://statistics.data.gov.uk/id/statistical-geography/E09000027,E09000027 Richmond upon Thames,120.85,143.39,109.05,138.93,125.24
http://statistics.data.gov.uk/id/statistical-geography/E09000028,E09000028 Southwark,114.38,154.54,100.44,132.24,115.62
http://statistics.data.gov.uk/id/statistical-geography/E09000029,E09000029 Sutton,110.37,150.35,91.46,127.43,113.68
http://statistics.data.gov.uk/id/statistical-geography/E09000030,E09000030 Tower Hamlets,119.43,146.69,102.25,133.78,118.26
http://statistics.data.gov.uk/id/statistical-geography/E09000031,E09000031 Waltham Forest,112.96,138.73,96.77,121.48,111.03
http://statistics.data.gov.uk/id/statistical-geography/E09000032,E09000032 Wandsworth,126.53,148.34,116.09,138.07,129.93
http://statistics.data.gov.uk/id/statistical-geography/E09000033,E09000033 Westminster,124.34,147.12,115.08,138.94,129.54
