Generated by opendatacommunities.org,2014-03-25T13:48:42+00:00
http://opendatacommunities.org/data/house-building/starts/tenure,"Permanent dwellings started, 2009/10 to 2012/13, England, District By Tenure "
Reference period,2009-2010

,,http://opendatacommunities.org/def/concept/general-concepts/tenure/all,http://opendatacommunities.org/def/concept/general-concepts/tenure/housingAssociations,http://opendatacommunities.org/def/concept/general-concepts/tenure/localAuthority,http://opendatacommunities.org/def/concept/general-concepts/tenure/privateEnterprise
http://opendatacommunities.org/def/ontology/geography/refArea,Reference area,All,Housing-Associations,Local-Authority,Private-Enterprise
http://statistics.data.gov.uk/id/statistical-geography/E06000001,E06000001 Hartlepool,230,0,0,230
http://statistics.data.gov.uk/id/statistical-geography/E06000002,E06000002 Middlesbrough,280,130,0,160
http://statistics.data.gov.uk/id/statistical-geography/E06000003,E06000003 Redcar and Cleveland,240,130,0,110
http://statistics.data.gov.uk/id/statistical-geography/E06000004,E06000004 Stockton-on-Tees,440,50,0,390
http://statistics.data.gov.uk/id/statistical-geography/E06000005,E06000005 Darlington,130,0,0,130
http://statistics.data.gov.uk/id/statistical-geography/E06000007,E06000007 Warrington,480,20,0,460
http://statistics.data.gov.uk/id/statistical-geography/E06000008,E06000008 Blackburn with Darwen,200,110,0,90
http://statistics.data.gov.uk/id/statistical-geography/E06000009,E06000009 Blackpool,120,110,0,20
http://statistics.data.gov.uk/id/statistical-geography/E06000010,"E06000010 Kingston upon Hull, City of",160,20,0,140
http://statistics.data.gov.uk/id/statistical-geography/E06000011,E06000011 East Riding of Yorkshire,360,0,0,360
http://statistics.data.gov.uk/id/statistical-geography/E06000012,E06000012 North East Lincolnshire,240,20,0,230
http://statistics.data.gov.uk/id/statistical-geography/E06000013,E06000013 North Lincolnshire,220,0,0,220
http://statistics.data.gov.uk/id/statistical-geography/E06000014,E06000014 York,390,0,0,390
http://statistics.data.gov.uk/id/statistical-geography/E06000016,E06000016 Leicester,450,40,0,410
http://statistics.data.gov.uk/id/statistical-geography/E06000017,E06000017 Rutland,40,10,0,30
http://statistics.data.gov.uk/id/statistical-geography/E06000018,E06000018 Nottingham,90,20,0,70
http://statistics.data.gov.uk/id/statistical-geography/E06000020,E06000020 Telford and Wrekin,460,80,0,390
http://statistics.data.gov.uk/id/statistical-geography/E06000021,E06000021 Stoke-on-Trent,350,140,0,210
http://statistics.data.gov.uk/id/statistical-geography/E06000022,E06000022 Bath and North East Somerset,220,60,0,160
http://statistics.data.gov.uk/id/statistical-geography/E06000025,E06000025 South Gloucestershire,,540,,
http://statistics.data.gov.uk/id/statistical-geography/E06000026,E06000026 Plymouth,190,50,0,130
http://statistics.data.gov.uk/id/statistical-geography/E06000027,E06000027 Torbay,180,70,0,120
http://statistics.data.gov.uk/id/statistical-geography/E06000028,E06000028 Bournemouth,370,10,0,360
http://statistics.data.gov.uk/id/statistical-geography/E06000029,E06000029 Poole,240,0,0,240
http://statistics.data.gov.uk/id/statistical-geography/E06000030,E06000030 Swindon,880,200,0,680
http://statistics.data.gov.uk/id/statistical-geography/E06000031,E06000031 Peterborough,520,230,0,290
http://statistics.data.gov.uk/id/statistical-geography/E06000032,E06000032 Luton,190,70,0,120
http://statistics.data.gov.uk/id/statistical-geography/E06000033,E06000033 Southend-on-Sea,120,0,0,120
http://statistics.data.gov.uk/id/statistical-geography/E06000035,E06000035 Medway,500,190,0,320
http://statistics.data.gov.uk/id/statistical-geography/E06000036,E06000036 Bracknell Forest,450,100,0,350
http://statistics.data.gov.uk/id/statistical-geography/E06000037,E06000037 West Berkshire,140,0,0,140
http://statistics.data.gov.uk/id/statistical-geography/E06000038,E06000038 Reading,410,50,0,360
http://statistics.data.gov.uk/id/statistical-geography/E06000039,E06000039 Slough,240,90,0,150
http://statistics.data.gov.uk/id/statistical-geography/E06000040,E06000040 Windsor and Maidenhead,160,0,0,160
http://statistics.data.gov.uk/id/statistical-geography/E06000041,E06000041 Wokingham,230,50,0,190
http://statistics.data.gov.uk/id/statistical-geography/E06000042,E06000042 Milton Keynes,1190,250,0,950
http://statistics.data.gov.uk/id/statistical-geography/E06000043,E06000043 Brighton and Hove,80,20,0,60
http://statistics.data.gov.uk/id/statistical-geography/E06000044,E06000044 Portsmouth,160,40,0,120
http://statistics.data.gov.uk/id/statistical-geography/E06000045,E06000045 Southampton,630,10,0,620
http://statistics.data.gov.uk/id/statistical-geography/E06000046,E06000046 Isle of Wight,300,80,0,220
http://statistics.data.gov.uk/id/statistical-geography/E06000047,E06000047 County Durham,810,130,0,670
http://statistics.data.gov.uk/id/statistical-geography/E06000048,E06000048 Northumberland,430,100,0,330
http://statistics.data.gov.uk/id/statistical-geography/E06000049,E06000049 Cheshire East,360,80,0,280
http://statistics.data.gov.uk/id/statistical-geography/E06000052,E06000052 Cornwall,1450,270,20,1170
http://statistics.data.gov.uk/id/statistical-geography/E06000053,E06000053 Isles of Scilly,0,0,0,0
http://statistics.data.gov.uk/id/statistical-geography/E06000055,E06000055 Bedford,750,290,0,460
http://statistics.data.gov.uk/id/statistical-geography/E07000004,E07000004 Aylesbury Vale,740,290,0,440
http://statistics.data.gov.uk/id/statistical-geography/E07000005,E07000005 Chiltern,50,0,0,50
http://statistics.data.gov.uk/id/statistical-geography/E07000006,E07000006 South Bucks,70,0,0,70
http://statistics.data.gov.uk/id/statistical-geography/E07000007,E07000007 Wycombe,500,110,0,390
http://statistics.data.gov.uk/id/statistical-geography/E07000008,E07000008 Cambridge,430,20,0,420
http://statistics.data.gov.uk/id/statistical-geography/E07000009,E07000009 East Cambridgeshire,250,20,0,230
http://statistics.data.gov.uk/id/statistical-geography/E07000010,E07000010 Fenland,200,70,0,130
http://statistics.data.gov.uk/id/statistical-geography/E07000011,E07000011 Huntingdonshire,690,170,0,510
http://statistics.data.gov.uk/id/statistical-geography/E07000026,E07000026 Allerdale,180,50,0,120
http://statistics.data.gov.uk/id/statistical-geography/E07000027,E07000027 Barrow-in-Furness,80,40,0,40
http://statistics.data.gov.uk/id/statistical-geography/E07000028,E07000028 Carlisle,240,10,0,230
http://statistics.data.gov.uk/id/statistical-geography/E07000029,E07000029 Copeland,90,20,0,70
http://statistics.data.gov.uk/id/statistical-geography/E07000030,E07000030 Eden,80,10,0,70
http://statistics.data.gov.uk/id/statistical-geography/E07000031,E07000031 South Lakeland,80,10,0,70
http://statistics.data.gov.uk/id/statistical-geography/E07000033,E07000033 Bolsover,150,10,0,140
http://statistics.data.gov.uk/id/statistical-geography/E07000034,E07000034 Chesterfield,20,0,0,20
http://statistics.data.gov.uk/id/statistical-geography/E07000035,E07000035 Derbyshire Dales,130,90,0,40
http://statistics.data.gov.uk/id/statistical-geography/E07000036,E07000036 Erewash,180,40,0,140
http://statistics.data.gov.uk/id/statistical-geography/E07000037,E07000037 High Peak,40,0,0,40
http://statistics.data.gov.uk/id/statistical-geography/E07000038,E07000038 North East Derbyshire,100,0,0,100
http://statistics.data.gov.uk/id/statistical-geography/E07000039,E07000039 South Derbyshire,260,0,0,260
http://statistics.data.gov.uk/id/statistical-geography/E07000040,E07000040 East Devon,260,30,0,230
http://statistics.data.gov.uk/id/statistical-geography/E07000041,E07000041 Exeter,420,120,50,250
http://statistics.data.gov.uk/id/statistical-geography/E07000042,E07000042 Mid Devon,80,0,0,80
http://statistics.data.gov.uk/id/statistical-geography/E07000043,E07000043 North Devon,220,30,0,180
http://statistics.data.gov.uk/id/statistical-geography/E07000044,E07000044 South Hams,90,10,0,80
http://statistics.data.gov.uk/id/statistical-geography/E07000045,E07000045 Teignbridge,310,30,0,270
http://statistics.data.gov.uk/id/statistical-geography/E07000046,E07000046 Torridge,260,50,0,210
http://statistics.data.gov.uk/id/statistical-geography/E07000047,E07000047 West Devon,360,70,0,290
http://statistics.data.gov.uk/id/statistical-geography/E07000048,E07000048 Christchurch,50,0,0,50
http://statistics.data.gov.uk/id/statistical-geography/E07000049,E07000049 East Dorset,140,0,0,140
http://statistics.data.gov.uk/id/statistical-geography/E07000050,E07000050 North Dorset,240,140,0,100
http://statistics.data.gov.uk/id/statistical-geography/E07000051,E07000051 Purbeck,110,0,0,110
http://statistics.data.gov.uk/id/statistical-geography/E07000052,E07000052 West Dorset,130,0,0,130
http://statistics.data.gov.uk/id/statistical-geography/E07000061,E07000061 Eastbourne,60,0,0,60
http://statistics.data.gov.uk/id/statistical-geography/E07000062,E07000062 Hastings,50,40,0,10
http://statistics.data.gov.uk/id/statistical-geography/E07000063,E07000063 Lewes,200,0,0,200
http://statistics.data.gov.uk/id/statistical-geography/E07000064,E07000064 Rother,90,10,0,80
http://statistics.data.gov.uk/id/statistical-geography/E07000065,E07000065 Wealden,430,130,0,310
http://statistics.data.gov.uk/id/statistical-geography/E07000066,E07000066 Basildon,700,310,0,390
http://statistics.data.gov.uk/id/statistical-geography/E07000067,E07000067 Braintree,360,60,0,300
http://statistics.data.gov.uk/id/statistical-geography/E07000068,E07000068 Brentwood,110,10,0,100
http://statistics.data.gov.uk/id/statistical-geography/E07000069,E07000069 Castle Point,30,0,0,30
http://statistics.data.gov.uk/id/statistical-geography/E07000070,E07000070 Chelmsford,180,30,0,160
http://statistics.data.gov.uk/id/statistical-geography/E07000071,E07000071 Colchester,470,90,0,380
http://statistics.data.gov.uk/id/statistical-geography/E07000072,E07000072 Epping Forest,350,130,0,220
http://statistics.data.gov.uk/id/statistical-geography/E07000073,E07000073 Harlow,140,50,0,90
http://statistics.data.gov.uk/id/statistical-geography/E07000074,E07000074 Maldon,50,0,0,50
http://statistics.data.gov.uk/id/statistical-geography/E07000075,E07000075 Rochford,80,10,0,60
http://statistics.data.gov.uk/id/statistical-geography/E07000076,E07000076 Tendring,150,20,0,130
http://statistics.data.gov.uk/id/statistical-geography/E07000077,E07000077 Uttlesford,330,60,0,270
http://statistics.data.gov.uk/id/statistical-geography/E07000078,E07000078 Cheltenham,160,0,0,160
http://statistics.data.gov.uk/id/statistical-geography/E07000079,E07000079 Cotswold,160,40,0,120
http://statistics.data.gov.uk/id/statistical-geography/E07000081,E07000081 Gloucester,610,220,0,390
http://statistics.data.gov.uk/id/statistical-geography/E07000082,E07000082 Stroud,190,10,0,170
http://statistics.data.gov.uk/id/statistical-geography/E07000083,E07000083 Tewkesbury,300,30,0,280
http://statistics.data.gov.uk/id/statistical-geography/E07000084,E07000084 Basingstoke and Deane,890,190,0,700
http://statistics.data.gov.uk/id/statistical-geography/E07000085,E07000085 East Hampshire,230,20,0,210
http://statistics.data.gov.uk/id/statistical-geography/E07000086,E07000086 Eastleigh,310,100,0,210
http://statistics.data.gov.uk/id/statistical-geography/E07000087,E07000087 Fareham,200,0,0,200
http://statistics.data.gov.uk/id/statistical-geography/E07000088,E07000088 Gosport,100,80,0,30
http://statistics.data.gov.uk/id/statistical-geography/E07000089,E07000089 Hart,100,0,0,100
http://statistics.data.gov.uk/id/statistical-geography/E07000090,E07000090 Havant,140,10,0,130
http://statistics.data.gov.uk/id/statistical-geography/E07000091,E07000091 New Forest,280,30,0,250
http://statistics.data.gov.uk/id/statistical-geography/E07000093,E07000093 Test Valley,380,130,0,250
http://statistics.data.gov.uk/id/statistical-geography/E07000094,E07000094 Winchester,1520,120,0,1400
http://statistics.data.gov.uk/id/statistical-geography/E07000095,E07000095 Broxbourne,200,40,0,160
http://statistics.data.gov.uk/id/statistical-geography/E07000096,E07000096 Dacorum,290,40,0,260
http://statistics.data.gov.uk/id/statistical-geography/E07000097,E07000097 East Hertfordshire,110,30,0,80
http://statistics.data.gov.uk/id/statistical-geography/E07000098,E07000098 Hertsmere,130,20,0,110
http://statistics.data.gov.uk/id/statistical-geography/E07000101,E07000101 Stevenage,190,10,0,180
http://statistics.data.gov.uk/id/statistical-geography/E07000102,E07000102 Three Rivers,100,0,0,100
http://statistics.data.gov.uk/id/statistical-geography/E07000103,E07000103 Watford,120,0,0,120
http://statistics.data.gov.uk/id/statistical-geography/E07000104,E07000104 Welwyn Hatfield,170,60,0,110
http://statistics.data.gov.uk/id/statistical-geography/E07000105,E07000105 Ashford,440,110,0,330
http://statistics.data.gov.uk/id/statistical-geography/E07000106,E07000106 Canterbury,280,0,0,280
http://statistics.data.gov.uk/id/statistical-geography/E07000107,E07000107 Dartford,370,80,0,290
http://statistics.data.gov.uk/id/statistical-geography/E07000108,E07000108 Dover,110,30,0,90
http://statistics.data.gov.uk/id/statistical-geography/E07000109,E07000109 Gravesham,320,50,0,270
http://statistics.data.gov.uk/id/statistical-geography/E07000110,E07000110 Maidstone,390,160,0,230
http://statistics.data.gov.uk/id/statistical-geography/E07000112,E07000112 Shepway,160,10,0,150
http://statistics.data.gov.uk/id/statistical-geography/E07000113,E07000113 Swale,560,60,0,500
http://statistics.data.gov.uk/id/statistical-geography/E07000116,E07000116 Tunbridge Wells,350,70,0,280
http://statistics.data.gov.uk/id/statistical-geography/E07000117,E07000117 Burnley,50,0,0,50
http://statistics.data.gov.uk/id/statistical-geography/E07000118,E07000118 Chorley,360,0,0,360
http://statistics.data.gov.uk/id/statistical-geography/E07000119,E07000119 Fylde,140,110,0,30
http://statistics.data.gov.uk/id/statistical-geography/E07000120,E07000120 Hyndburn,10,0,0,10
http://statistics.data.gov.uk/id/statistical-geography/E07000121,E07000121 Lancaster,70,10,0,50
http://statistics.data.gov.uk/id/statistical-geography/E07000122,E07000122 Pendle,20,0,0,20
http://statistics.data.gov.uk/id/statistical-geography/E07000123,E07000123 Preston,30,0,0,30
http://statistics.data.gov.uk/id/statistical-geography/E07000124,E07000124 Ribble Valley,40,20,0,20
http://statistics.data.gov.uk/id/statistical-geography/E07000125,E07000125 Rossendale,10,0,0,10
http://statistics.data.gov.uk/id/statistical-geography/E07000126,E07000126 South Ribble,190,0,0,190
http://statistics.data.gov.uk/id/statistical-geography/E07000127,E07000127 West Lancashire,70,0,0,70
http://statistics.data.gov.uk/id/statistical-geography/E07000128,E07000128 Wyre,100,0,0,100
http://statistics.data.gov.uk/id/statistical-geography/E07000129,E07000129 Blaby,110,20,0,90
http://statistics.data.gov.uk/id/statistical-geography/E07000131,E07000131 Harborough,180,10,0,170
http://statistics.data.gov.uk/id/statistical-geography/E07000133,E07000133 Melton,110,0,30,90
http://statistics.data.gov.uk/id/statistical-geography/E07000135,E07000135 Oadby and Wigston,100,0,0,100
http://statistics.data.gov.uk/id/statistical-geography/E07000136,E07000136 Boston,120,50,0,80
http://statistics.data.gov.uk/id/statistical-geography/E07000137,E07000137 East Lindsey,380,50,0,330
http://statistics.data.gov.uk/id/statistical-geography/E07000138,E07000138 Lincoln,240,20,0,230
http://statistics.data.gov.uk/id/statistical-geography/E07000139,E07000139 North Kesteven,450,100,0,360
http://statistics.data.gov.uk/id/statistical-geography/E07000140,E07000140 South Holland,190,80,0,110
http://statistics.data.gov.uk/id/statistical-geography/E07000142,E07000142 West Lindsey,230,60,0,170
http://statistics.data.gov.uk/id/statistical-geography/E07000143,E07000143 Breckland,420,20,0,410
http://statistics.data.gov.uk/id/statistical-geography/E07000144,E07000144 Broadland,140,0,20,120
http://statistics.data.gov.uk/id/statistical-geography/E07000145,E07000145 Great Yarmouth,220,40,0,180
http://statistics.data.gov.uk/id/statistical-geography/E07000146,E07000146 King's Lynn and West Norfolk,350,60,0,290
http://statistics.data.gov.uk/id/statistical-geography/E07000147,E07000147 North Norfolk,150,30,0,120
http://statistics.data.gov.uk/id/statistical-geography/E07000148,E07000148 Norwich,240,100,20,130
http://statistics.data.gov.uk/id/statistical-geography/E07000149,E07000149 South Norfolk,540,90,0,440
http://statistics.data.gov.uk/id/statistical-geography/E07000150,E07000150 Corby,360,60,0,300
http://statistics.data.gov.uk/id/statistical-geography/E07000151,E07000151 Daventry,90,20,0,80
http://statistics.data.gov.uk/id/statistical-geography/E07000152,E07000152 East Northamptonshire,160,50,0,110
http://statistics.data.gov.uk/id/statistical-geography/E07000153,E07000153 Kettering,210,20,0,190
http://statistics.data.gov.uk/id/statistical-geography/E07000154,E07000154 Northampton,290,40,0,250
http://statistics.data.gov.uk/id/statistical-geography/E07000155,E07000155 South Northamptonshire,130,20,0,120
http://statistics.data.gov.uk/id/statistical-geography/E07000163,E07000163 Craven,60,0,0,60
http://statistics.data.gov.uk/id/statistical-geography/E07000164,E07000164 Hambleton,200,30,0,170
http://statistics.data.gov.uk/id/statistical-geography/E07000165,E07000165 Harrogate,110,20,0,90
http://statistics.data.gov.uk/id/statistical-geography/E07000166,E07000166 Richmondshire,50,0,0,50
http://statistics.data.gov.uk/id/statistical-geography/E07000167,E07000167 Ryedale,80,0,0,80
http://statistics.data.gov.uk/id/statistical-geography/E07000168,E07000168 Scarborough,80,10,0,60
http://statistics.data.gov.uk/id/statistical-geography/E07000169,E07000169 Selby,250,0,0,250
http://statistics.data.gov.uk/id/statistical-geography/E07000170,E07000170 Ashfield,290,50,0,240
http://statistics.data.gov.uk/id/statistical-geography/E07000171,E07000171 Bassetlaw,160,0,0,160
http://statistics.data.gov.uk/id/statistical-geography/E07000172,E07000172 Broxtowe,90,10,0,80
http://statistics.data.gov.uk/id/statistical-geography/E07000173,E07000173 Gedling,190,50,0,140
http://statistics.data.gov.uk/id/statistical-geography/E07000174,E07000174 Mansfield,190,10,0,180
http://statistics.data.gov.uk/id/statistical-geography/E07000175,E07000175 Newark and Sherwood,100,10,0,90
http://statistics.data.gov.uk/id/statistical-geography/E07000177,E07000177 Cherwell,210,10,0,200
http://statistics.data.gov.uk/id/statistical-geography/E07000178,E07000178 Oxford,250,120,0,140
http://statistics.data.gov.uk/id/statistical-geography/E07000179,E07000179 South Oxfordshire,140,40,0,100
http://statistics.data.gov.uk/id/statistical-geography/E07000180,E07000180 Vale of White Horse,,,,790
http://statistics.data.gov.uk/id/statistical-geography/E07000181,E07000181 West Oxfordshire,110,30,10,70
http://statistics.data.gov.uk/id/statistical-geography/E07000187,E07000187 Mendip,320,80,0,240
http://statistics.data.gov.uk/id/statistical-geography/E07000188,E07000188 Sedgemoor,340,80,0,260
http://statistics.data.gov.uk/id/statistical-geography/E07000189,E07000189 South Somerset,650,350,0,300
http://statistics.data.gov.uk/id/statistical-geography/E07000191,E07000191 West Somerset,60,10,0,50
http://statistics.data.gov.uk/id/statistical-geography/E07000192,E07000192 Cannock Chase,230,130,0,110
http://statistics.data.gov.uk/id/statistical-geography/E07000193,E07000193 East Staffordshire,210,100,0,110
http://statistics.data.gov.uk/id/statistical-geography/E07000194,E07000194 Lichfield,160,0,0,160
http://statistics.data.gov.uk/id/statistical-geography/E07000195,E07000195 Newcastle-under-Lyme,230,60,0,170
http://statistics.data.gov.uk/id/statistical-geography/E07000196,E07000196 South Staffordshire,280,20,0,270
http://statistics.data.gov.uk/id/statistical-geography/E07000197,E07000197 Stafford,100,0,0,100
http://statistics.data.gov.uk/id/statistical-geography/E07000198,E07000198 Staffordshire Moorlands,80,0,0,80
http://statistics.data.gov.uk/id/statistical-geography/E07000199,E07000199 Tamworth,130,0,0,130
http://statistics.data.gov.uk/id/statistical-geography/E07000200,E07000200 Babergh,180,0,0,180
http://statistics.data.gov.uk/id/statistical-geography/E07000201,E07000201 Forest Heath,410,90,0,320
http://statistics.data.gov.uk/id/statistical-geography/E07000202,E07000202 Ipswich,160,50,0,110
http://statistics.data.gov.uk/id/statistical-geography/E07000203,E07000203 Mid Suffolk,410,60,0,350
http://statistics.data.gov.uk/id/statistical-geography/E07000204,E07000204 St Edmundsbury,210,100,0,110
http://statistics.data.gov.uk/id/statistical-geography/E07000205,E07000205 Suffolk Coastal,150,50,0,90
http://statistics.data.gov.uk/id/statistical-geography/E07000206,E07000206 Waveney,120,10,0,110
http://statistics.data.gov.uk/id/statistical-geography/E07000207,E07000207 Elmbridge,250,50,0,200
http://statistics.data.gov.uk/id/statistical-geography/E07000208,E07000208 Epsom and Ewell,280,80,0,200
http://statistics.data.gov.uk/id/statistical-geography/E07000209,E07000209 Guildford,230,80,0,150
http://statistics.data.gov.uk/id/statistical-geography/E07000210,E07000210 Mole Valley,80,20,0,60
http://statistics.data.gov.uk/id/statistical-geography/E07000211,E07000211 Reigate and Banstead,380,50,0,330
http://statistics.data.gov.uk/id/statistical-geography/E07000212,E07000212 Runnymede,130,30,0,100
http://statistics.data.gov.uk/id/statistical-geography/E07000213,E07000213 Spelthorne,260,130,0,130
http://statistics.data.gov.uk/id/statistical-geography/E07000214,E07000214 Surrey Heath,40,0,0,40
http://statistics.data.gov.uk/id/statistical-geography/E07000215,E07000215 Tandridge,150,40,0,110
http://statistics.data.gov.uk/id/statistical-geography/E07000216,E07000216 Waverley,180,0,0,180
http://statistics.data.gov.uk/id/statistical-geography/E07000217,E07000217 Woking,110,10,10,90
http://statistics.data.gov.uk/id/statistical-geography/E07000219,E07000219 Nuneaton and Bedworth,210,50,0,170
http://statistics.data.gov.uk/id/statistical-geography/E07000220,E07000220 Rugby,260,40,80,140
http://statistics.data.gov.uk/id/statistical-geography/E07000221,E07000221 Stratford-on-Avon,120,50,0,70
http://statistics.data.gov.uk/id/statistical-geography/E07000222,E07000222 Warwick,110,10,0,100
http://statistics.data.gov.uk/id/statistical-geography/E07000223,E07000223 Adur,70,30,0,50
http://statistics.data.gov.uk/id/statistical-geography/E07000224,E07000224 Arun,400,,0,
http://statistics.data.gov.uk/id/statistical-geography/E07000225,E07000225 Chichester,290,60,0,230
http://statistics.data.gov.uk/id/statistical-geography/E07000226,E07000226 Crawley,300,70,0,230
http://statistics.data.gov.uk/id/statistical-geography/E07000227,E07000227 Horsham,170,30,0,140
http://statistics.data.gov.uk/id/statistical-geography/E07000228,E07000228 Mid Sussex,260,60,0,200
http://statistics.data.gov.uk/id/statistical-geography/E07000229,E07000229 Worthing,70,30,0,40
http://statistics.data.gov.uk/id/statistical-geography/E07000234,E07000234 Bromsgrove,70,40,0,30
http://statistics.data.gov.uk/id/statistical-geography/E07000236,E07000236 Redditch,130,60,0,70
http://statistics.data.gov.uk/id/statistical-geography/E07000238,E07000238 Wychavon,80,10,0,70
http://statistics.data.gov.uk/id/statistical-geography/E08000001,E08000001 Bolton,240,10,0,230
http://statistics.data.gov.uk/id/statistical-geography/E08000002,E08000002 Bury,70,0,0,70
http://statistics.data.gov.uk/id/statistical-geography/E08000003,E08000003 Manchester,550,30,0,520
http://statistics.data.gov.uk/id/statistical-geography/E08000004,E08000004 Oldham,160,10,0,150
http://statistics.data.gov.uk/id/statistical-geography/E08000005,E08000005 Rochdale,760,0,20,730
http://statistics.data.gov.uk/id/statistical-geography/E08000006,E08000006 Salford,290,0,0,290
http://statistics.data.gov.uk/id/statistical-geography/E08000007,E08000007 Stockport,30,10,0,30
http://statistics.data.gov.uk/id/statistical-geography/E08000008,E08000008 Tameside,200,30,0,170
http://statistics.data.gov.uk/id/statistical-geography/E08000009,E08000009 Trafford,200,80,0,120
http://statistics.data.gov.uk/id/statistical-geography/E08000010,E08000010 Wigan,330,0,0,330
http://statistics.data.gov.uk/id/statistical-geography/E08000012,E08000012 Liverpool,420,130,0,290
http://statistics.data.gov.uk/id/statistical-geography/E08000013,E08000013 St. Helens,170,10,0,160
http://statistics.data.gov.uk/id/statistical-geography/E08000014,E08000014 Sefton,150,30,0,120
http://statistics.data.gov.uk/id/statistical-geography/E08000015,E08000015 Wirral,260,10,10,240
http://statistics.data.gov.uk/id/statistical-geography/E08000016,E08000016 Barnsley,650,20,0,630
http://statistics.data.gov.uk/id/statistical-geography/E08000017,E08000017 Doncaster,210,10,0,200
http://statistics.data.gov.uk/id/statistical-geography/E08000018,E08000018 Rotherham,390,20,0,370
http://statistics.data.gov.uk/id/statistical-geography/E08000019,E08000019 Sheffield,490,20,10,460
http://statistics.data.gov.uk/id/statistical-geography/E08000020,E08000020 Gateshead,220,0,0,220
http://statistics.data.gov.uk/id/statistical-geography/E08000021,E08000021 Newcastle upon Tyne,130,40,0,90
http://statistics.data.gov.uk/id/statistical-geography/E08000022,E08000022 North Tyneside,210,20,0,190
http://statistics.data.gov.uk/id/statistical-geography/E08000023,E08000023 South Tyneside,120,20,10,100
http://statistics.data.gov.uk/id/statistical-geography/E08000024,E08000024 Sunderland,410,100,0,320
http://statistics.data.gov.uk/id/statistical-geography/E08000025,E08000025 Birmingham,920,200,0,710
http://statistics.data.gov.uk/id/statistical-geography/E08000026,E08000026 Coventry,320,10,0,310
http://statistics.data.gov.uk/id/statistical-geography/E08000027,E08000027 Dudley,570,30,0,540
http://statistics.data.gov.uk/id/statistical-geography/E08000028,E08000028 Sandwell,560,60,0,500
http://statistics.data.gov.uk/id/statistical-geography/E08000029,E08000029 Solihull,180,70,0,110
http://statistics.data.gov.uk/id/statistical-geography/E08000031,E08000031 Wolverhampton,200,60,0,140
http://statistics.data.gov.uk/id/statistical-geography/E08000032,E08000032 Bradford,270,60,0,210
http://statistics.data.gov.uk/id/statistical-geography/E08000033,E08000033 Calderdale,150,10,0,140
http://statistics.data.gov.uk/id/statistical-geography/E08000035,E08000035 Leeds,1030,180,0,850
http://statistics.data.gov.uk/id/statistical-geography/E08000036,E08000036 Wakefield,900,210,0,690
http://statistics.data.gov.uk/id/statistical-geography/E09000001,E09000001 City of London,0,0,0,0
http://statistics.data.gov.uk/id/statistical-geography/E09000002,E09000002 Barking and Dagenham,190,90,0,90
http://statistics.data.gov.uk/id/statistical-geography/E09000003,E09000003 Barnet,2350,1200,0,1150
http://statistics.data.gov.uk/id/statistical-geography/E09000004,E09000004 Bexley,100,50,0,50
http://statistics.data.gov.uk/id/statistical-geography/E09000006,E09000006 Bromley,440,,0,
http://statistics.data.gov.uk/id/statistical-geography/E09000007,E09000007 Camden,140,30,0,110
http://statistics.data.gov.uk/id/statistical-geography/E09000008,E09000008 Croydon,450,200,0,250
http://statistics.data.gov.uk/id/statistical-geography/E09000009,E09000009 Ealing,390,180,0,220
http://statistics.data.gov.uk/id/statistical-geography/E09000010,E09000010 Enfield,940,810,0,120
http://statistics.data.gov.uk/id/statistical-geography/E09000011,E09000011 Greenwich,1300,280,0,1020
http://statistics.data.gov.uk/id/statistical-geography/E09000012,E09000012 Hackney,710,180,0,520
http://statistics.data.gov.uk/id/statistical-geography/E09000013,E09000013 Hammersmith and Fulham,20,10,0,10
http://statistics.data.gov.uk/id/statistical-geography/E09000015,E09000015 Harrow,360,250,0,110
http://statistics.data.gov.uk/id/statistical-geography/E09000016,E09000016 Havering,380,190,0,190
http://statistics.data.gov.uk/id/statistical-geography/E09000017,E09000017 Hillingdon,460,210,20,230
http://statistics.data.gov.uk/id/statistical-geography/E09000018,E09000018 Hounslow,400,130,0,270
http://statistics.data.gov.uk/id/statistical-geography/E09000019,E09000019 Islington,560,50,10,510
http://statistics.data.gov.uk/id/statistical-geography/E09000020,E09000020 Kensington and Chelsea,90,20,10,60
http://statistics.data.gov.uk/id/statistical-geography/E09000021,E09000021 Kingston upon Thames,70,30,0,40
http://statistics.data.gov.uk/id/statistical-geography/E09000023,E09000023 Lewisham,540,230,0,300
http://statistics.data.gov.uk/id/statistical-geography/E09000026,E09000026 Redbridge,330,50,0,280
http://statistics.data.gov.uk/id/statistical-geography/E09000027,E09000027 Richmond upon Thames,,,,110
http://statistics.data.gov.uk/id/statistical-geography/E09000029,E09000029 Sutton,160,140,0,30
http://statistics.data.gov.uk/id/statistical-geography/E09000030,E09000030 Tower Hamlets,1800,530,0,1270
http://statistics.data.gov.uk/id/statistical-geography/E09000031,E09000031 Waltham Forest,130,50,0,80
http://statistics.data.gov.uk/id/statistical-geography/E09000033,E09000033 Westminster,,70,0,
http://statistics.data.gov.uk/id/statistical-geography/E10000002,E10000002 Buckinghamshire,1350,410,0,950
http://statistics.data.gov.uk/id/statistical-geography/E10000005,E10000005 Cornwall and Isles of Scilly,0,0,0,0
http://statistics.data.gov.uk/id/statistical-geography/E10000006,E10000006 Cumbria,740,130,0,600
http://statistics.data.gov.uk/id/statistical-geography/E10000008,E10000008 Devon,1980,340,50,1590
http://statistics.data.gov.uk/id/statistical-geography/E10000011,E10000011 East Sussex,820,170,0,650
http://statistics.data.gov.uk/id/statistical-geography/E10000012,E10000012 Essex,2950,770,0,2190
http://statistics.data.gov.uk/id/statistical-geography/E10000017,E10000017 Lancashire,1070,140,0,920
http://statistics.data.gov.uk/id/statistical-geography/E10000020,E10000020 Norfolk,2040,320,30,1690
http://statistics.data.gov.uk/id/statistical-geography/E10000023,E10000023 North Yorkshire,820,60,0,760
http://statistics.data.gov.uk/id/statistical-geography/E10000025,E10000025 Oxfordshire,,,,1300
http://statistics.data.gov.uk/id/statistical-geography/E10000028,E10000028 Staffordshire,1430,310,0,1120
http://statistics.data.gov.uk/id/statistical-geography/E10000029,E10000029 Suffolk,1630,350,0,1280
http://statistics.data.gov.uk/id/statistical-geography/E10000030,E10000030 Surrey,2090,480,10,1590
http://statistics.data.gov.uk/id/statistical-geography/E10000032,E10000032 West Sussex,1570,,0,
http://statistics.data.gov.uk/id/statistical-geography/E92000001,E92000001 England,95560,21470,320,73770
