Story ID,Year,Season,Title,No. of parts,Pt. 1 air date,Pt. 1 viewers (in millons),Pt. 2 air date,Pt.2 viewers,Pt. 3 air date,Pt.3 viewers,Pt. 4 air date,Pt.4 viewers,Pt.5 air date,Pt. 5 viewers,Pt.6 air date,Pt.6 viewers,Pt. 7 air date,Pt.7 viewers,pt. 8 air date,pt. 8 viewers,pt. 9 air date,pt. 9 viewers,pt. 10 air date,pt. 10 viewers,pt. 11 air date,pt. 11 viewers,pt. 12 air date,pt. 12 viewers,Type of Broadcast,Doctor Number,Doctor,Guest Doctor(s),Companion 1,Companion 2,Companion 3,Companion 4,Companion 5,Companion 6,Companion 7,Companion 8,Appearance of UNIT,Recurring Villains,Firsts
1,1963,1,An Unearthly Child,4,11/26/63,4.4,11/30/63,5.9,12/7/63,6.9,12/14/63,6.4,,,,,,,,,,,,,,,,,Serial,1,William Hartnell,,Susan Foreman,Barbara Wright,Ian Chesterton,,,,,,,,
2,1964,1,The Daleks,7,12/21/63,6.9,12/28/13,6.4,1/4/64,8.9,1/11/64,9.9,1/18/64,9.9,1/25/64,10.4,2/1/64,10.4,,,,,,,,,,,Serial,1,William Hartnell,,Susan Foreman,Barbara Wright,Ian Chesterton,,,,,,,Daleks,
3,1964,1,The Edge of Destruction,2,2/8/64,10.4,2/15/64,9.9,,,,,,,,,,,,,,,,,,,,,Serial,1,William Hartnell,,Susan Foreman,Barbara Wright,Ian Chesterton,,,,,,,,
4,1964,1,Marco Polo,7,2/22/64,9.4,2/29/64,9.4,3/7/64,9.4,3/14/64,9.9,3/21/64,9.4,3/28/64,8.4,4/4/64,10.4,,,,,,,,,,,Serial,1,William Hartnell,,Susan Foreman,Barbara Wright,Ian Chesterton,,,,,,,,
5,1964,1,The Keys of Marinus,6,4/11/64,9.9,4/18/64,9.4,4/25/64,9.9,5/2/64,10.4,5/9/64,7.9,5/16/64,6.9,,,,,,,,,,,,,Serial,1,William Hartnell,,Susan Foreman,Barbara Wright,Ian Chesterton,,,,,,,,
6,1964,1,The Aztecs,4,5/23/64,7.4,5/30/64,7.4,6/6/64,7.9,6/13/64,7.4,,,,,,,,,,,,,,,,,Serial,1,William Hartnell,,Susan Foreman,Barbara Wright,Ian Chesterton,,,,,,,,
7,1964,1,The Sensorites,6,6/20/64,7.9,6/27/64,6.9,7/11/64,7.4,7/18/64,5.5,7/25/64,6.9,8/1/64,6.9,,,,,,,,,,,,,Serial,1,William Hartnell,,Susan Foreman,Barbara Wright,Ian Chesterton,,,,,,,,
8,1964,1,The Reign of Terror,6,8/8/64,6.9,8/15/64,6.9,8/22/64,6.9,8/29/64,6.4,9/5/64,6.9,9/12/64,6.4,,,,,,,,,,,,,Serial,1,William Hartnell,,Susan Foreman,Barbara Wright,Ian Chesterton,,,,,,,,
9,1964,2,Planet of Giants,3,10/31/64,8.4,11/7/64,8.4,11/14/64,8.9,,,,,,,,,,,,,,,,,,,Serial,1,William Hartnell,,Susan Foreman,Barbara Wright,Ian Chesterton,,,,,,,,
10,1964,2,The Dalek Invasion of Earth,6,11/21/64,11.4,11/28/64,12.4,12/5/64,11.9,12/12/64,11.9,12/19/64,11.4,12/26/64,12.4,,,,,,,,,,,,,Serial,1,William Hartnell,,Susan Foreman,Barbara Wright,Ian Chesterton,,,,,,,Daleks,
11,1965,2,The Rescue,2,1/2/65,12,1/9/65,13,,,,,,,,,,,,,,,,,,,,,Serial,1,William Hartnell,,Barbara Wright,Ian Chesterton,Vicki,,,,,,,,
12,1965,2,The Romans,4,1/16/65,13,1/23/65,11.5,1/30/65,10,2/6/65,12,,,,,,,,,,,,,,,,,Serial,1,William Hartnell,,Barbara Wright,Ian Chesterton,Vicki,,,,,,,,
13,1965,2,The Web Planet,6,2/13/65,13.5,2/20/65,12.5,2/27/65,12.5,3/6/65,13,3/13/65,12,3/20/65,11.5,,,,,,,,,,,,,Serial,1,William Hartnell,,Barbara Wright,Ian Chesterton,Vicki,,,,,,,,
14,1965,2,The Crusade,2,3/27/65,10.5,4/10/65,9,,,,,,,,,,,,,,,,,,,,,Serial,1,William Hartnell,,Barbara Wright,Ian Chesterton,Vicki,,,,,,,,
15,1965,2,The Space Museum,4,4/24/65,10.5,5/1/65,9.2,5/8/65,8.5,5/15/65,8.5,,,,,,,,,,,,,,,,,Serial,1,William Hartnell,,Barbara Wright,Ian Chesterton,Vicki,,,,,,,,
16,1965,2,The Chase,6,5/22/65,10,5/29/65,9.5,6/5/65,9,6/12/65,9.5,6/19/65,9,6/26/65,9.5,,,,,,,,,,,,,Serial,1,William Hartnell,,Barbara Wright,Ian Chesterton,Vicki,Steven Taylor,,,,,,Daleks,
17,1965,2,The Time Meddler,4,7/3/65,8.9,7/10/65,8.8,7/17/65,7.7,7/24/65,8.3,,,,,,,,,,,,,,,,,Serial,1,William Hartnell,,Vicki,Steven Taylor,,,,,,,,,First appearance of a Time Lord other than the Doctor
18,1965,3,Galaxy 4,4,9/11/65,9,9/18/65,9.5,9/25/65,11.3,10/2/65,9.9,,,,,,,,,,,,,,,,,Serial,1,William Hartnell,,Vicki,Steven Taylor,,,,,,,,,
19,1965,3,Mission to the Unknown,1,10/9/65,8.3,,,,,,,,,,,,,,,,,,,,,,,Serial,1,William Hartnell,,Vicki,Steven Taylor,,,,,,,,Daleks,
20,1965,3,The Myth Makers,4,10/16/65,8.3,10/23/65,8.1,10/30/65,8.7,12/6/65,8.3,,,,,,,,,,,,,,,,,Serial,1,William Hartnell,,Vicki,Steven Taylor,Katarina,,,,,,,,
21,1966,3,The Daleks' Master Plan,12,11/13/65,9.1,11/20/65,9.8,11/27/65,10.3,12/4/65,9.5,12/11/65,9.9,12/18/65,9.1,12/25/65,7.9,1/1/66,9.6,1/8/66,9.2,1/15/66,9.5,1/22/66,9.8,1/29/66,8.6,Serial,1,William Hartnell,,Steven Taylor,Sara Kingdom,Katarina,,,,,,,Daleks,
22,1966,3,The Massacre of St. Bartholomew's Eve,4,2/5/66,8,2/12/66,6,2/19/66,5.9,2/26/66,5.8,,,,,,,,,,,,,,,,,Serial,1,William Hartnell,,Steven Taylor,Dodo Chaplet,,,,,,,,,
23,1966,3,The Ark,4,3/5/66,5.5,3/12/66,6.9,3/19/66,6.2,3/26/66,7.3,,,,,,,,,,,,,,,,,Serial,1,William Hartnell,,Steven Taylor,Dodo Chaplet,,,,,,,,,
24,1966,3,The Celestial Toymaker,4,4/2/66,8,4/9/66,8,4/16/66,9.4,4/23/66,7.8,,,,,,,,,,,,,,,,,Serial,1,William Hartnell,,Steven Taylor,Dodo Chaplet,,,,,,,,,
25,1966,3,The Gunfighters,4,4/30/66,6.5,5/7/66,6.6,5/14/66,6.2,5/21/66,5.7,,,,,,,,,,,,,,,,,Serial,1,William Hartnell,,Steven Taylor,Dodo Chaplet,,,,,,,,,
26,1966,3,The Savages,4,5/28/66,4.8,6/4/66,5.6,6/11/66,5,6/18/66,4.5,,,,,,,,,,,,,,,,,Serial,1,William Hartnell,,Steven Taylor,Dodo Chaplet,,,,,,,,,
27,1966,3,The War Machines,4,6/25/66,5.4,7/2/66,4.7,7/9/66,5.3,7/16/66,5.5,,,,,,,,,,,,,,,,,Serial,1,William Hartnell,,Dodo Chaplet,Polly,Ben Jackson,,,,,,,,
28,1966,4,The Smugglers,4,9/10/66,4.3,9/17/66,4.9,9/24/66,4.2,10/1/66,4.5,,,,,,,,,,,,,,,,,Serial,1,William Hartnell,,Polly,Ben Jackson,,,,,,,,,
29,1966,4,The Tenth Planet,4,10/8/66,5.5,10/15/66,"6,4",10/22/66,7.6,10/29/66,7.5,,,,,,,,,,,,,,,,,Serial,1,William Hartnell,,Polly,Ben Jackson,,,,,,,,Cybermen,
30,1966,4,The Power of the Daleks,6,11/5/66,7.9,11/12/66,7.8,11/19/66,7.5,11/26/66,7.8,12/3/66,8,12/10/66,7.8,,,,,,,,,,,,,Serial,2,Patrick Traughton,,Polly,Ben Jackson,,,,,,,,Daleks,
31,1967,4,The Highlanders,4,12/17/66,6.7,12/24/66,6.8,12/31/66,7.4,1/7/67,7.3,,,,,,,,,,,,,,,,,Serial,2,Patrick Traughton,,Polly,Ben Jackson,Jamie McCrimmon,,,,,,,,
32,1967,4,The Underwater Menace,4,1/14/67,8.3,1/21/67,7.5,1/28/67,7.1,2/4/67,7,,,,,,,,,,,,,,,,,Serial,2,Patrick Traughton,,Polly,Ben Jackson,Jamie McCrimmon,,,,,,,,
33,1967,4,The Moonbase,4,2/11/67,8.1,2/18/67,8.9,2/25/67,8.2,3/4/67,8.1,,,,,,,,,,,,,,,,,Serial,2,Patrick Traughton,,Polly,Ben Jackson,Jamie McCrimmon,,,,,,,Cybermen,
34,1967,4,The Macra Terror,4,3/11/67,8,3/18/67,7.9,3/25/67,8.5,4/1/67,8.4,,,,,,,,,,,,,,,,,Serial,2,Patrick Traughton,,Polly,Ben Jackson,Jamie McCrimmon,,,,,,,,
35,1967,4,The Faceless Ones,6,4/8/67,8,4/15/67,6.4,4/22/67,7.9,4/29/67,6.9,5/6/67,7.1,5/13/67,8,,,,,,,,,,,,,Serial,2,Patrick Traughton,,Polly,Ben Jackson,Jamie McCrimmon,,,,,,,,
36,1967,4,The Evil Daleks,7,5/20/67,8.1,5/27/67,7.5,6/3/67,6.1,6/10/67,5.3,6/17/67,5.1,6/24/67,6.8,7/1/67,6.1,,,,,,,,,,,Serial,2,Patrick Traughton,,Jamie McCrimmon,Victoria Wakefield,,,,,,,,Daleks,
37,1967,5,The Tomb of the Cybermen,4,9/2/67,6,9/9/67,6.4,9/16/67,7.2,9/23/67,7.4,,,,,,,,,,,,,,,,,Serial,2,Patrick Traughton,,Jamie McCrimmon,Victoria Wakefield,,,,,,,,Cybermen,
38,1967,5,The Abominable Snowman,6,9/30/67,6.3,10/7/67,6,10/14/67,7.1,10/21/67,7.1,10/28/67,7.2,11/4/67,7.4,,,,,,,,,,,,,Serial,2,Patrick Traughton,,Jamie McCrimmon,Victoria Wakefield,,,,,,,,"The Yeti, The Great Intelligence",
39,1967,5,The Ice Warriors,6,11/11/67,6.7,11/18/67,7.1,11/25/67,7.4,12/2/67,7.3,12/9/67,8,12/16/67,7.5,,,,,,,,,,,,,Serial,2,Patrick Traughton,,Jamie McCrimmon,Victoria Wakefield,,,,,,,,Silurians,
40,1968,5,The Enemy of the World,6,12/23/67,6.8,12/30/67,7.6,1/6/68,7.1,1/13/68,7.8,1/20/68,6.9,1/27/68,8.3,,,,,,,,,,,,,Serial,2,Patrick Traughton,,Jamie McCrimmon,Victoria Wakefield,,,,,,,,,
41,1968,5,The Web of Fear,6,2/3/68,7.2,2/10/68,6.8,2/17/68,7,2/24/68,8.4,3/2/68,8,3/9/68,8.3,,,,,,,,,,,,,Serial,2,Patrick Traughton,,Jamie McCrimmon,Victoria Wakefield,Brigadier Lethbridge-Stewart,,,,,,,"The Yeti, The Great Intelligence",
42,1968,5,Fury from the Deep,6,3/16/68,8.2,3/23/68,7.9,3/30/68,7.7,4/6/68,6.6,4/13/68,5.9,4/20/68,6.9,,,,,,,,,,,,,Serial,2,Patrick Traughton,,Jamie McCrimmon,Victoria Wakefield,,,,,,,,,First appearance of the Sonic Screwdriver
43,1968,5,The Wheel in Space,6,4/27/68,7.2,05/04/68,6.9,5/11/68,7.5,5/18/68,8.6,5/25/68,6.8,6/1/68,6.5,,,,,,,,,,,,,Serial,2,Patrick Traughton,,Jamie McCrimmon,Zoe Heriot,,,,,,,,Cybermen,
44,1968,6,The Dominators,5,8/10/68,6.1,8/17/68,5.9,8/24/68,5.4,8/31/68,7.5,9/7/68,5.9,,,,,,,,,,,,,,,Serial,2,Patrick Traughton,,Jamie McCrimmon,Zoe Heriot,,,,,,,,,
45,1968,6,The Mind Robber,5,9/14/68,6.6,9/21/68,6.5,9/28/68,7.2,10/5/68,7.3,10/12/68,6.7,,,,,,,,,,,,,,,Serial,2,Patrick Traughton,,Jamie McCrimmon,Zoe Heriot,,,,,,,,,
46,1968,6,The Invasion,8,11/2/68,7.3,11/9/68,7.1,11/16/68,7.1,11/23/68,6.4,11/30/68,6.7,12/7/68,6.5,12/14/68,7.2,12/21/68,7,,,,,,,,,Serial,2,Patrick Traughton,,Jamie McCrimmon,Zoe Heriot,Brigadier Lethbridge-Stewart,,,,,,UNIT,Cybermen,
47,1969,6,The Krotons,4,12/28/68,9,1/4/69,8.4,1/11/69,7.5,1/18/69,7.1,,,,,,,,,,,,,,,,,Serial,2,Patrick Traughton,,Jamie McCrimmon,Zoe Heriot,,,,,,,,,
48,1969,6,The Seeds of Death,6,1/25/69,6.6,2/1/69,6.8,2/8/69,7.5,2/15/69,7.1,2/22/69,7.6,3/1/69,7.7,,,,,,,,,,,,,Serial,2,Patrick Traughton,,Jamie McCrimmon,Zoe Heriot,,,,,,,,Ice Warriors,
49,1969,6,The Space Pirates,6,3/8/69,5.8,3/15/69,6.8,3/22/69,6.4,3/29/69,5.8,4/5/69,5.5,4/12/69,5.3,,,,,,,,,,,,,Serial,2,Patrick Traughton,,Jamie McCrimmon,Zoe Heriot,,,,,,,,,
50,1969,6,The War Games,10,4/19/69,5.5,4/26/69,6.3,5/3/69,5.1,5/10/69,5.7,5/17/69,5.1,5/24/69,4.9,5/31/69,4.9,6/7/69,3.5,6/14/69,4.1,6/21/69,5,,,,,Serial,2,Patrick Traughton,,Jamie McCrimmon,Zoe Heriot,,,,,,,,,"First use of the term ""Time Lords"""
51,1970,7,Spearhead from Space,4,1/3/70,8.4,1/10/70,8.1,1/17/70,8.3,1/24/70,8.1,,,,,,,,,,,,,,,,,Serial,3,Jon Pertwee,,Liz Shaw,Brigadier Lethbridge-Stewart,,,,,,,UNIT,,
52,1970,7,Doctor Who and the Silurians,7,1/31/70,8.8,2/7/70,7.3,2/14/70,7.5,2/21/70,8.2,2/28/70,7.5,3/7/70,7.2,3/14/70,7.5,,,,,,,,,,,Serial,3,Jon Pertwee,,Liz Shaw,Brigadier Lethbridge-Stewart,,,,,,,UNIT,Silurians,
53,1970,7,The Ambassadors of Death,7,3/21/70,7.1,3/28/70,7.6,4/4/70,8,4/11/70,9.3,4/18/70,7.1,4/25/70,6.9,5/2/70,6.4,,,,,,,,,,,Serial,3,Jon Pertwee,,Liz Shaw,Brigadier Lethbridge-Stewart,,,,,,,UNIT,,
54,1970,7,Inferno,7,5/9/70,5.7,5/16/70,5.9,5/23/70,4.8,5/30/70,6,6/6/70,5.4,6/13/70,6.7,6/20/70,5.5,,,,,,,,,,,Serial,3,Jon Pertwee,,Liz Shaw,Brigadier Lethbridge-Stewart,,,,,,,UNIT,,
55,1971,8,Terror of the Autons,4,1/2/71,7.3,1/9/71,8,1/16/71,8.1,1/23/71,8.4,,,,,,,,,,,,,,,,,Serial,3,Jon Pertwee,,Jo Grant,Brigadier Lethbridge-Stewart,,,,,,,UNIT,The Master (Roger Delgado),
56,1971,8,The Mind of Evil,6,1/30/71,6.1,2/6/71,8.8,2/13/71,7.5,2/20/71,7.4,2/27/71,7.6,3/6/71,7.3,,,,,,,,,,,,,Serial,3,Jon Pertwee,,Jo Grant,Brigadier Lethbridge-Stewart,,,,,,,UNIT,The Master (Roger Delgado),
57,1971,8,The Claws of Axos,4,3/13/71,7.3,3/20/71,8,3/27/71,6.4,4/3/71,7.8,,,,,,,,,,,,,,,,,Serial,3,Jon Pertwee,,Jo Grant,Brigadier Lethbridge-Stewart,,,,,,,UNIT,The Master (Roger Delgado),
58,1971,8,Colony in Space,6,4/10/71,7.6,4/17/71,8.5,4/24/71,9.5,5/1/71,8.1,5/8/71,8.8,5/15/71,8.7,,,,,,,,,,,,,Serial,3,Jon Pertwee,,Jo Grant,Brigadier Lethbridge-Stewart,,,,,,,,The Master (Roger Delgado),
59,1971,8,The Daemons,5,5/22/71,9.2,5/29/71,8,6/5/71,8.1,6/12/71,8.1,6/19/71,8.3,,,,,,,,,,,,,,,Serial,3,Jon Pertwee,,Jo Grant,Brigadier Lethbridge-Stewart,,,,,,,UNIT,The Master (Roger Delgado),
60,1972,9,Day of the Daleks,4,1/1/72,9.8,1/8/72,10.4,1/15/72,9.1,1/22/72,9.1,,,,,,,,,,,,,,,,,Serial,3,Jon Pertwee,,Jo Grant,Brigadier Lethbridge-Stewart,,,,,,,UNIT,Daleks,
61,1972,9,The Curse of Peladon,4,1/29/72,10.3,2/5/72,11,2/12/72,7.8,2/19/72,8.4,,,,,,,,,,,,,,,,,Serial,3,Jon Pertwee,,Jo Grant,,,,,,,,,Ice Warriors,
62,1972,9,The Sea Devils,6,2/26/72,6.4,3/4/72,9.7,3/11/72,8.3,3/18/72,8.3,3/25/72,8.3,4/1/72,8.5,,,,,,,,,,,,,Serial,3,Jon Pertwee,,Jo Grant,,,,,,,,,"Ice Warriiors, The Master (Roger Delgado)",
63,1972,9,The Mutants,6,4/8/72,9.1,4/15/72,7.8,4/22/72,7.9,4/29/72,7.5,5/6/72,7.9,5/13/72,6.5,,,,,,,,,,,,,Serial,3,Jon Pertwee,,Jo Grant,,,,,,,,,,
64,1972,9,The Time Monster,6,5/20/72,7.2,5/27/72,7.4,6/3/72,8.1,6/10/72,7.6,6/17/72,6,6/24/72,7.6,,,,,,,,,,,,,Serial,3,Jon Pertwee,,Jo Grant,Brigadier Lethbridge-Stewart,,,,,,,UNIT,The Master (Roger Delgado),
65,1973,10,The Three Doctors,4,12/30/72,9.6,1/6/73,10.8,1/13/73,8.8,1/20/73,11.9,,,,,,,,,,,,,,,,,Serial/Special,3,Jon Pertwee,"William Hartnell, Patrick Traughton",Jo Grant,Brigadier Lethbridge-Stewart,,,,,,,UNIT,,
66,1973,10,Carnival of Monsters,4,1/27/73,9.5,2/3/73,9,2/10/73,9,2/17/73,9.2,,,,,,,,,,,,,,,,,Serial,3,Jon Pertwee,,Jo Grant,,,,,,,,,,
67,1973,10,Frontier in Space,6,2/24/73,9.1,3/3/73,7.8,3/10/73,7.5,3/17/73,7.1,3/24/73,7.7,3/31/73,8.9,,,,,,,,,,,,,Serial,3,Jon Pertwee,,Jo Grant,,,,,,,,,The Master (Roger Delgado),
68,1973,10,Planet of the Daleks,6,4/7/73,11,4/14/73,10.7,4/21/73,10.1,4/28/73,8.3,5/5/73,9.7,5/12/73,8.5,,,,,,,,,,,,,Serial,3,Jon Pertwee,,Jo Grant,,,,,,,,,Daleks,
69,1973,10,The Green Death,6,5/19/73,9.2,5/26/73,7.2,6/2/73,7.8,6/9/73,6.8,6/16/73,8.3,6/23/73,7,,,,,,,,,,,,,Serial,3,Jon Pertwee,,Jo Grant,Brigadier Lethbridge-Stewart,,,,,,,UNIT,,
70,1974,11,The Time Warrior,4,12/15/73,8.7,12/22/73,7,12/29/73,6.6,1/5/74,10.6,,,,,,,,,,,,,,,,,Serial,3,Jon Pertwee,,Sarah Jane Smith,Brigadier Lethbridge-Stewart,,,,,,,,Sontarans,"First mention of ""Galifrey"""
71,1974,11,Invasion of the Dinosaurs,6,1/12/74,11,1/19/74,10.1,1/26/74,11,2/2/74,9,2/9/74,9,2/16/74,7.5,,,,,,,,,,,,,Serial,3,Jon Pertwee,,Sarah Jane Smith,Brigadier Lethbridge-Stewart,,,,,,,UNIT,,
72,1974,11,Death to the Daleks,4,2/23/74,8.1,3/2/74,9.5,3/9/74,10.5,3/16/74,9.5,,,,,,,,,,,,,,,,,Serial,3,Jon Pertwee,,Sarah Jane Smith,,,,,,,,,Daleks,
73,1974,11,The Monster of Peladon,6,3/23/74,9.2,3/30/74,6.8,4/6/74,7.4,4/13/74,7.2,4/20/74,7.5,4/27/74,8.1,,,,,,,,,,,,,Serial,3,Jon Pertwee,,Sarah Jane Smith,,,,,,,,,Ice Warriors,
74,1974,11,Planet of the the Spiders,6,5/4/74,10.1,5/11/74,8.9,5/18/74,8.8,5/25/74,8.2,6/1/74,9.2,6/8/74,8.9,,,,,,,,,,,,,Serial,3,Jon Pertwee,,Sarah Jane Smith,Brigadier Lethbridge-Stewart,,,,,,,UNIT,,"First use of the term ""Regeneration"""
75,1975,12,Robot,4,12/28/74,10.8,1/4/75,10.7,1/11/75,10.1,1/18/75,9,,,,,,,,,,,,,,,,,Serial,4,Tom Baker,,Sarah Jane Smith,Harry Sullivan,Brigadier Lethbridge-Stewart,,,,,,UNIT,,
76,1975,12,The Ark in Space,4,1/25/75,9.4,2/1/75,13.6,2/8/75,11.2,2/15/75,10.2,,,,,,,,,,,,,,,,,Serial,4,Tom Baker,,Sarah Jane Smith,Harry Sullivan,,,,,,,,,
77,1975,12,The Sontaran Experiment,2,2/22/75,11,1/3/75,10.5,,,,,,,,,,,,,,,,,,,,,Serial,4,Tom Baker,,Sarah Jane Smith,Harry Sullivan,,,,,,,,Sontarans,
78,1975,12,Genesis of the Daleks,6,3/8/75,10.7,3/15/75,10.5,3/22/75,8.5,3/29/75,8.8,4/5/75,9.8,4/12/75,9.1,,,,,,,,,,,,,Serial,4,Tom Baker,,Sarah Jane Smith,Harry Sullivan,,,,,,,,Daleks,
79,1975,12,Revenge of the Cybermen,4,4/19/75,9.5,4/26/75,8.3,5/3/75,8.9,5/10/75,9.4,,,,,,,,,,,,,,,,,Serial,4,Tom Baker,,Sarah Jane Smith,Harry Sullivan,,,,,,,,Cybermen,
80,1975,13,Terror of the Zygons,4,8/30/75,8.4,9/6/75,6.1,9/13/75,8.2,9/20/75,7.2,,,,,,,,,,,,,,,,,Serial,4,Tom Baker,,Sarah Jane Smith,Harry Sullivan,Brigadier Lethbridge-Stewart,,,,,,UNIT,,
81,1975,13,Planet of Evil,4,9/27/75,10.4,10/4/75,9.9,10/11/75,9.1,10/18/75,10.1,,,,,,,,,,,,,,,,,Serial,4,Tom Baker,,Sarah Jane Smith,,,,,,,,,,
82,1975,13,Pyramids of Mars,4,10/25/75,10.5,11/1/75,11.3,11/8/75,9.4,11/15/75,11.7,,,,,,,,,,,,,,,,,Serial,4,Tom Baker,,Sarah Jane Smith,,,,,,,,,,
83,1975,13,The Android Invasion,4,11/22/75,11.9,11/29/75,11.3,12/6/75,12.1,12/13/75,11.4,,,,,,,,,,,,,,,,,Serial,4,Tom Baker,,Sarah Jane Smith,,,,,,,,UNIT,,
84,1976,13,The Brain of Morbius,4,1/3/76,9.5,1/10/76,9.3,1/17/76,10.1,1/24/76,10.2,,,,,,,,,,,,,,,,,Serial,4,Tom Baker,,Sarah Jane Smith,,,,,,,,,,
85,1976,13,The Seeds of Doom,6,1/31/76,11.4,2/7/76,11.4,2/14/76,10.3,2/21/76,11.1,2/28/76,9.9,3/6/76,11.5,,,,,,,,,,,,,Serial,4,Tom Baker,,Sarah Jane Smith,,,,,,,,UNIT,,
86,1976,14,The Masque of Mandragora,4,9/4/76,8.3,9/11/76,9.8,9/18/76,9.2,9/25/76,10.6,,,,,,,,,,,,,,,,,Serial,4,Tom Baker,,Sarah Jane Smith,,,,,,,,,,
87,1976,14,The Hand of Fear,4,10/2/76,10.5,10/9/76,10.2,10/16/76,11.1,10/23/76,12,,,,,,,,,,,,,,,,,Serial,4,Tom Baker,,Sarah Jane Smith,,,,,,,,,,
88,1976,14,The Deadly Assassin,4,10/30/76,11.8,11/6/76,12.1,11/13/76,13,11/20/76,11.8,,,,,,,,,,,,,,,,,Serial,4,Tom Baker,,,,,,,,,,,The Master (Peter Pratt),
89,1977,14,The Face of Evil,4,1/1/77,10.7,1/8/77,11.1,1/15/77,11.3,1/22/07,11.7,,,,,,,,,,,,,,,,,Serial,4,Tom Baker,,Leela,,,,,,,,,,
90,1977,14,The Robots of Death,4,1/29/77,12.8,2/5/77,12.4,2/12/77,13.1,2/19/77,12.6,,,,,,,,,,,,,,,,,Serial,4,Tom Baker,,Leela,,,,,,,,,,
91,1977,14,The Talons of Weng-Chiang,6,2/26/77,11.3,3/5/77,9.8,3/12/77,10.2,3/19/77,11.4,3/26/77,10.1,4/2/77,9.3,,,,,,,,,,,,,Serial,4,Tom Baker,,Leela,,,,,,,,,,
92,1977,15,Horror of Fang Rock,4,9/3/77,6.8,9/10/77,7.1,9/17/77,9.8,9/24/77,9.9,,,,,,,,,,,,,,,,,Serial,4,Tom Baker,,Leela,,,,,,,,,,
93,1977,15,The Invisible Enemy,4,10/1/77,8.6,10/8/77,7.3,10/15/77,7.5,10/22/77,8.3,,,,,,,,,,,,,,,,,Serial,4,Tom Baker,,Leela,K-9,,,,,,,,,
94,1977,15,Image of the Fendahl,4,10/29/77,6.7,11/5/77,7.5,11/12/77,7.9,11/19/77,9.1,,,,,,,,,,,,,,,,,Serial,4,Tom Baker,,Leela,,,,,,,,,,
95,1977,15,The Sun Makers,4,11/26/77,8.5,12/3/77,9.5,12/10/07,8.9,12/17/77,8.4,,,,,,,,,,,,,,,,,Serial,4,Tom Baker,,Leela,K-9,,,,,,,,,
96,1978,15,Underworld,4,1/7/78,8.9,1/14/78,9.1,1/21/78,8.9,1/28/78,11.7,,,,,,,,,,,,,,,,,Serial,4,Tom Baker,,Leela,K-9,,,,,,,,,
97,1978,15,The Invasion of Time,6,2/4/78,11.2,2/11/78,11.4,2/18/78,9.5,2/25/78,10.9,3/4/78,10.3,3/11/78,9.8,,,,,,,,,,,,,Serial,4,Tom Baker,,Leela,K-9,,,,,,,,Sontarans,
98,1978,16,The Ribos Operation,4,9/2/78,8.3,9/9/78,8.1,9/16/78,7.9,9/23/78,8.2,,,,,,,,,,,,,,,,,Serial,4,Tom Baker,,Romana I,K-9,,,,,,,,,
99,1978,16,The Pirate Planet,4,9/30/78,9.1,10/7/78,7.4,10/14/78,8.2,10/21/78,8.4,,,,,,,,,,,,,,,,,Serial,4,Tom Baker,,Romana I,K-9,,,,,,,,,
100,1978,16,The Stones of Blood,4,10/28/78,8.6,11/4/78,6.6,11/11/78,9.3,11/18/78,7.6,,,,,,,,,,,,,,,,,Serial,4,Tom Baker,,Romana I,K-9,,,,,,,,,
101,1978,16,The Androids of Tara,4,11/25/78,8.5,12/2/78,10.1,12/9/78,8.9,12/16/78,9,,,,,,,,,,,,,,,,,Serial,4,Tom Baker,,Romana I,K-9,,,,,,,,,
102,1978,16,The Power of Kroll,4,12/23/78,6.5,12/30/78,12.4,1/6/79,8.9,1/13/79,9.9,,,,,,,,,,,,,,,,,Serial,4,Tom Baker,,Romana I,,,,,,,,,,
103,1979,16,The Amageddon Factor,6,1/20/79,7.5,1/27/79,8.8,2/3/79,7.8,2/10/79,8.6,2/17/79,8.6,2/24/79,9.6,,,,,,,,,,,,,Serial,4,Tom Baker,,Romana I,K-9,,,,,,,,,
104,1979,17,Destiny of the Daleks,4,9/1/79,13,9/8/79,12.7,9/15/79,13.8,9/22/79,14.4,,,,,,,,,,,,,,,,,Serial,4,Tom Baker,,Romana II,,,,,,,,,Daleks,
105,1979,17,Dity of Death,4,9/29/79,12.4,10/6/79,14.1,10/13/79,15.4,10/20/79,16.1,,,,,,,,,,,,,,,,,Serial,4,Tom Baker,,Romana II,,,,,,,,,,
106,1979,17,The Creature from the Pit,4,10/27/79,9.3,11/3/79,10.8,11/10/79,10.2,11/17/79,9.6,,,,,,,,,,,,,,,,,Serial,4,Tom Baker,,Romana II,K-9,,,,,,,,,
107,1979,17,Nightmare of Eden,4,11/24/79,8.7,12/1/79,9.6,12/8/79,9.6,12/15/79,9.4,,,,,,,,,,,,,,,,,Serial,4,Tom Baker,,Romana II,K-9,,,,,,,,,
108,1980,17,The Horns of Nimon,4,12/22/79,6,12/29/79,8.8,1/5/80,9.8,1/12/80,10.4,,,,,,,,,,,,,,,,,Serial,4,Tom Baker,,Romana II,K-9,,,,,,,,,
109,1980,18,The Leisure Hive,4,8/20/80,5.9,9/6/80,5,9/13/80,5,9/20/80,4.5,,,,,,,,,,,,,,,,,Serial,4,Tom Baker,,Romana II,K-9,,,,,,,,,
110,1980,18,Meglos,4,9/27/80,5,10/4/80,4.2,10/11/80,4.7,10/18/80,4.7,,,,,,,,,,,,,,,,,Serial,4,Tom Baker,,Romana II,K-9,,,,,,,,,
111,1980,18,Full Circle,4,10/25/80,5.9,11/1/80,3.7,11/8/80,5.9,11/15/80,5.5,,,,,,,,,,,,,,,,,Serial,4,Tom Baker,,Romana II,K-9,Adric,,,,,,,,
112,1980,18,State of Decay,4,11/22/80,5.8,11/29/80,5.3,12/6/80,4.4,12/13/80,5.4,,,,,,,,,,,,,,,,,Serial,4,Tom Baker,,Romana II,K-9,Adric,,,,,,,,
113,1981,18,Warrior's Gate,4,1/3/81,7.1,1/10/81,6.7,1/17/81,8.3,1/24/81,7.8,,,,,,,,,,,,,,,,,Serial,4,Tom Baker,,Romana II,K-9,Adric,,,,,,,,
114,1981,18,The Keeper of Traken,4,1/31/81,7.6,2/7/81,6.1,2/14/81,5.2,2/21/81,6.1,,,,,,,,,,,,,,,,,Serial,4,Tom Baker,,Nyssa,Adric,,,,,,,,The Master (Geoffrey Beevers),
115,1981,18,Logopolis,4,2/28/81,7.1,3/7/81,7.7,3/14/81,5.8,3/21/81,6.1,,,,,,,,,,,,,,,,,Serial,4,Tom Baker,,Nyssa,Tegan Jovanka,Adric,,,,,,,The Master (Anthony Ainley),
116,1982,19,Castrovalva,4,1/4/82,9.1,1/5/82,8.6,1/11/82,10.2,1/12/82,10.4,,,,,,,,,,,,,,,,,Serial,5,Peter Davison,,Nyssa,Tegan Jovanka,Adric,,,,,,,The Master (Anthony Ainley),
117,1982,19,Four to Doomsday,4,1/18/82,8.4,1/19/82,8.8,1/25/82,8.8,1/26/82,9.4,,,,,,,,,,,,,,,,,Serial,5,Peter Davison,,Nyssa,Tegan Jovanka,Adric,,,,,,,,
118,1982,19,Kinda,4,2/1/82,8.4,2/2/82,9.4,2/8/82,8.5,2/9/82,8.9,,,,,,,,,,,,,,,,,Serial,5,Peter Davison,,Nyssa,Tegan Jovanka,Adric,,,,,,,,
119,1982,19,The Visitation,4,2/15/82,9.1,2/16/82,9.3,2/22/82,9.9,2/23/82,10.1,,,,,,,,,,,,,,,,,Serial,5,Peter Davison,,Nyssa,Tegan Jovanka,Adric,,,,,,,,
120,1982,19,Black Orchid,2,3/1/82,9.9,3/2/82,10.1,,,,,,,,,,,,,,,,,,,,,Serial,5,Peter Davison,,Nyssa,Tegan Jovanka,Adric,,,,,,,,
121,1982,19,Earthshock,4,3/8/82,9.1,3/9/82,8.8,3/15/82,9.8,3/16/82,9.6,,,,,,,,,,,,,,,,,Serial,5,Peter Davison,,Nyssa,Tegan Jovanka,Adric,,,,,,,Cybermen,
122,1982,19,Time-Flight,4,3/23/82,10,3/24/82,8.5,3/30/82,8.9,3/31/82,8.1,,,,,,,,,,,,,,,,,Serial,5,Peter Davison,,Nyssa,Tegan Jovanka,,,,,,,,The Master (Anthony Ainley),
123,1983,20,Arc of Infinity,4,1/3/83,7.2,1/5/83,7.3,1/11/83,6.9,1/12/83,7.2,,,,,,,,,,,,,,,,,Serial,5,Peter Davison,,Nyssa,Tegan Jovanka,,,,,,,,,
124,1983,20,Snakedance,4,1/18/83,6.7,1/19/83,7.7,1/25/83,6.6,1/26/83,7.4,,,,,,,,,,,,,,,,,Serial,5,Peter Davison,,Nyssa,Tegan Jovanka,,,,,,,,,
125,1983,20,Mawdryn Undead,4,2/1/83,6.5,2/2/83,7.5,2/8/83,7.4,2/9/83,7.7,,,,,,,,,,,,,,,,,Serial,5,Peter Davison,,Nyssa,Tegan Jovanka,Vislor Turlough,Brigadier Lethbridge-Stewart,,,,,,,
126,1983,20,Terminus,4,2/15/83,6.8,2/16/83,7.5,2/22/83,6.5,2/23/83,7.4,,,,,,,,,,,,,,,,,Serial,5,Peter Davison,,Nyssa,Tegan Jovanka,Vislor Turlough,,,,,,,,
127,1983,20,Enlightenment,4,3/2/83,6.6,3/2/83,7.2,3/8/83,6.2,3/9/83,7.3,,,,,,,,,,,,,,,,,Serial,5,Peter Davison,,Tegan Jovanka,Vislor Turlough,,,,,,,,,
128,1983,20,The King's Deamons,2,3/15/83,5.8,3/16/83,7.2,,,,,,,,,,,,,,,,,,,,,Serial,5,Peter Davison,,Tegan Jovanka,Vislor Turlough,Kamelion,,,,,,,The Master (Anthony Ainley),
129,1983,,The Five Doctors,1,11/25/83,7.7,,,,,,,,,,,,,,,,,,,,,,,Special,5,Peter Davison,"Richard Hurdall, Patrick Traughton, Jon Pertwee, Tom Baker",Tegan Jovanka,Vislor Turlough,Susan Foreman,Sarah Jane Smith,Romana II,Jamie McCrimmon,Zoe Heriot,Liz Shaw,,"Cybermen, The Master (Anthony Ainley)",
130,1984,21,Warriors of the Deep,4,1/5/84,7.6,1/6/84,7.5,1/12/84,7.3,1/13/84,6.6,,,,,,,,,,,,,,,,,Serial,5,Peter Davison,,Tegan Jovanka,Vislor Turlough,,,,,,,,,
131,1984,21,The Awakening,2,1/19/84,7.99,1/20/84,6.6,,,,,,,,,,,,,,,,,,,,,Serial,5,Peter Davison,,Tegan Jovanka,Vislor Turlough,,,,,,,,,
132,1984,21,Frontios,4,1/26/84,8,1/27/84,5.8,2/2/84,7.8,2/3/84,5.6,,,,,,,,,,,,,,,,,Serial,5,Peter Davison,,Tegan Jovanka,Vislor Turlough,,,,,,,,,
133,1984,21,Resurrection of the Daleks,2,2/8/84,7.3,2/15/84,8,,,,,,,,,,,,,,,,,,,,,Serial,5,Peter Davison,,Tegan Jovanka,Vislor Turlough,,,,,,,,Daleks,
134,1984,21,Planet of Fire,4,2/23/84,7.4,2/24/84,6.1,3/1/84,7.4,3/2/84,7,,,,,,,,,,,,,,,,,Serial,5,Peter Davison,,Vislor Turlough,Peri Brown,Kamelion,,,,,,,The Master (Anthony Ainley),
135,1984,21,The Caves of Adrozani,4,3/8/84,6.9,3/9/84,6.6,3/15/84,7.8,3/16/84,7.8,,,,,,,,,,,,,,,,,Serial,5,Peter Davison,,Peri Brown,,,,,,,,,,
136,1984,21,The Twin Dilemma,4,3/22/84,7.6,3/23/84,7.4,3/29/84,7,3/30/84,6.3,,,,,,,,,,,,,,,,,Serial,,Colin Baker,,Peri Brown,,,,,,,,,,
137,1985,22,Attack of the Cybermen,2,1/5/85,8.9,1/12/85,7.2,,,,,,,,,,,,,,,,,,,,,Serial,6,Colin Baker,,Peri Brown,,,,,,,,,Cybermen,
138,1985,22,Vengance on Varos,2,1/19/85,7.2,1/26/85,7,,,,,,,,,,,,,,,,,,,,,Serial,6,Colin Baker,,Peri Brown,,,,,,,,,,
139,1985,22,The Mark of the Rani,2,2/2/85,6.3,2/9/85,7.3,,,,,,,,,,,,,,,,,,,,,Serial,6,Colin Baker,,Peri Brown,,,,,,,,,The Master (Anthony Ainley),
140,1985,22,The Two Doctors,3,2/16/85,6.6,2/23/85,6,3/2/85,6.9,,,,,,,,,,,,,,,,,,,Serial,6,Colin Baker,Patrick Traughton,Peri Brown,Jamie McCrimmon,,,,,,,,Sontarans,
141,1985,22,Timelash,2,3/9/85,6.7,3/16/85,7.4,,,,,,,,,,,,,,,,,,,,,Serial,6,Colin Baker,,Peri Brown,,,,,,,,,,
142,1985,22,Revelation of the Daleks,2,3/23/85,7.4,3/30/85,7.7,,,,,,,,,,,,,,,,,,,,,Serial,6,Colin Baker,,Peri Brown,,,,,,,,,Daleks,
143.1,1986,23,Trial of a Time Lord: The Mysterious Planet,4,9/6/86,4.9,9/13/86,4.9,9/20/86,3.9,9/27/86,3.7,,,,,,,,,,,,,,,,,Serial,6,Colin Baker,,Peri Brown,,,,,,,,,,
143.2,1986,23,The Trial of a Time Lord: Mindwarp,4,10/4/86,4.8,10/11/86,4.6,10/18/86,5.1,10/25/86,5,,,,,,,,,,,,,,,,,Serial,6,Colin Baker,,Peri Brown,,,,,,,,,,
143.3,1986,23,The Trial of a Time Lord: Terror of the Vervoids,4,11/1/86,5.2,11/8/86,4.6,11/15/86,5.3,11/22/86,5.2,,,,,,,,,,,,,,,,,Serial,6,Colin Baker,,Mel Bush,,,,,,,,,,
143.4,1986,23,The Trial of a Time Lord: The Ultimate Foe,2,11/29/86,4.4,12/6/86,5.6,,,,,,,,,,,,,,,,,,,,,Serial,6,Colin Baker,,Mel Bush,,,,,,,,,,
144,1987,24,Time and the Rani,4,9/7/87,5.1,9/14/87,4.2,9/21/87,4.3,9/28/87,4.9,,,,,,,,,,,,,,,,,Serial,7,Sylvester McCoy,,Mel Bush,,,,,,,,,,
145,1987,24,Paradise Towers,4,10/5/87,4.5,10/12/87,5.2,10/19/87,5,10/26/87,5,,,,,,,,,,,,,,,,,Serial,7,Sylvester McCoy,,Mel Bush,,,,,,,,,,
146,1987,24,Delta and Bannermen,3,11/2/87,5.3,11/9/87,5.1,11/16/87,5.4,,,,,,,,,,,,,,,,,,,Serial,7,Sylvester McCoy,,Mel Bush,,,,,,,,,,
147,1987,24,Dragonfire,3,11/23/87,5.5,11/30/87,5,12/7/87,4.7,,,,,,,,,,,,,,,,,,,Serial,7,Sylvester McCoy,,Mel Bush,Ace,,,,,,,,,
148,1988,25,Remembrance of the Daleks,4,10/5/88,5.5,10/12/88,5.8,10/19/88,5.1,10/26/88,5,,,,,,,,,,,,,,,,,Serial,7,Sylvester McCoy,,Ace,,,,,,,,,Daleks,
149,1988,25,The Happiness Patrol,3,11/2/88,5.3,11/9/88,4.6,11/16/88,5.3,,,,,,,,,,,,,,,,,,,Serial,7,Sylvester McCoy,,Ace,,,,,,,,,,
150,1988,25,Silver Nemesis,3,11/23/88,6.1,11/30/88,5.2,12/7/88,5.2,,,,,,,,,,,,,,,,,,,Serial,7,Sylvester McCoy,,Ace,,,,,,,,,Cybermen,
151,1988,25,The Greatest Show in the Galaxy,4,12/14/88,5,12/21/88,5.3,12/28/88,4.9,1/4/89,6.6,,,,,,,,,,,,,,,,,Serial,7,Sylvester McCoy,,Ace,,,,,,,,,,
152,1989,26,Battlefield,4,9/6/89,3.1,9/13/89,3.9,9/20/89,3.6,9/27/89,4,,,,,,,,,,,,,,,,,Serial,7,Sylvester McCoy,,Ace,Brigadier Lethbridge-Stewart,,,,,,,UNIT,,
153,1989,26,Ghost Light,3,10/4/89,4.2,10/11/89,4,10/18/89,4,,,,,,,,,,,,,,,,,,,Serial,7,Sylvester McCoy,,Ace,,,,,,,,,,
154,1989,26,The Curse of Fenric,4,10/25/89,4.3,11/1/89,4,11/8/89,4,11/15/89,4.2,,,,,,,,,,,,,,,,,Serial,7,Sylvester McCoy,,Ace,,,,,,,,,,
155,1989,26,Survival,3,11/22/89,5,11/29/89,4.8,12/6/89,5,,,,,,,,,,,,,,,,,,,Serial,7,Sylvester McCoy,,Ace,,,,,,,,,The Master (Anthony Ainley),
156,1996,,Doctor Who (TV movie),1,5/14/96,5.6,,,,,,,,,,,,,,,,,,,,,,,TV Movie,8,Paul McGann,,Grace Holloway,,,,,,,,,The Master (Eric Roberts),
157,2005,1,Rose,1,3/26/05,10.8,,,,,,,,,,,,,,,,,,,,,,,Episode,9,Christopher Eccleston,,Rose Tyler,,,,,,,,,,
158,2005,1,The End of the World,1,4/2/05,7.9,,,,,,,,,,,,,,,,,,,,,,,Episode,9,Christopher Eccleston,,Rose Tyler,,,,,,,,,,First appearance of Psychic Paper
159,2005,1,The Unquiet Dead,1,4/9/05,8.8,,,,,,,,,,,,,,,,,,,,,,,Episode,9,Christopher Eccleston,,Rose Tyler,,,,,,,,,,
160,2005,1,Aliens of London/World War Three,2,4/16/05,7.6,4/23/05,7.9,,,,,,,,,,,,,,,,,,,,,Episode,9,Christopher Eccleston,,Rose Tyler,,,,,,,,,,
161,2005,1,Dalek,1,4/30/05,8.6,,,,,,,,,,,,,,,,,,,,,,,Episode,9,Christopher Eccleston,,Rose Tyler,Adam Mitchell,,,,,,,,Daleks,
162,2005,1,The Long Game,1,5/7/05,8,,,,,,,,,,,,,,,,,,,,,,,Episode,9,Christopher Eccleston,,Rose Tyler,Adam Mitchell,,,,,,,,,
163,2005,1,Father's Day,1,5/14/05,8,,,,,,,,,,,,,,,,,,,,,,,Episode,9,Christopher Eccleston,,Rose Tyler,,,,,,,,,,
164,2005,1,The Empty Child/The Doctor Dances,2,5/24/05,7.1,5/28/05,6.8,,,,,,,,,,,,,,,,,,,,,Episode,9,Christopher Eccleston,,Rose Tyler,Jack Harkness,,,,,,,,,
165,2005,1,Boom Town,1,6/4/05,7.6,,,,,,,,,,,,,,,,,,,,,,,Episode,9,Christopher Eccleston,,Rose Tyler,Jack Harkness,,,,,,,,,
166,2005,1,Bad Wolf/The Parting of the Ways,2,6/11/05,6.8,6/18/05,6.9,,,,,,,,,,,,,,,,,,,,,Episode,9,Christopher Eccleston,,Rose Tyler,Jack Harkness,,,,,,,,Daleks,
167,2005,,The Christmas Invasion,1,12/25/05,9.8,,,,,,,,,,,,,,,,,,,,,,,Special,10,David Tennant,,Rose Tyler,,,,,,,,UNIT,,
168,2006,2,New Earth,1,4/15/06,8.6,,,,,,,,,,,,,,,,,,,,,,,Episode,10,David Tennant,,Rose Tyler,,,,,,,,,,
169,2006,2,Tooth and Claw,1,4/22/06,9.2,,,,,,,,,,,,,,,,,,,,,,,Episode,10,David Tennant,,Rose Tyler,,,,,,,,,,
170,2006,2,School Reunion,1,4/29/06,8.3,,,,,,,,,,,,,,,,,,,,,,,Episode,10,David Tennant,,Rose Tyler,Mickey Smith,Sarah Jane Smith,K-9,,,,,,,
171,2006,2,The Girl in the Fireplace,1,5/6/06,7.9,,,,,,,,,,,,,,,,,,,,,,,Episode,10,David Tennant,,Rose Tyler,Mickey Smith,,,,,,,,,
172,2006,2,Rise of the Cybermen/The Age of Steel,2,5/13/06,9.2,5/20/06,7.6,,,,,,,,,,,,,,,,,,,,,Episode,10,David Tennant,,Rose Tyler,Mickey Smith,,,,,,,,Cybermen,
173,2006,2,The Idiot's Lantern,1,5/27/06,6.7,,,,,,,,,,,,,,,,,,,,,,,Episode,10,David Tennant,,Rose Tyler,,,,,,,,,,
174,2006,2,The Impossible Planet/The Satan Pit,2,6/3/06,6.3,6/10/06,6,,,,,,,,,,,,,,,,,,,,,Episode,10,David Tennant,,Rose Tyler,,,,,,,,,,
175,2006,2,Love & Monsters,1,6/17/06,6.6,,,,,,,,,,,,,,,,,,,,,,,Episode,10,David Tennant,,Rose Tyler,,,,,,,,,,
176,2006,2,Fear Her,1,6/24/06,7.1,,,,,,,,,,,,,,,,,,,,,,,Episode,10,David Tennant,,Rose Tyler,,,,,,,,,,
177,2006,2,Army of Ghosts/Doomsday,2,7/1/06,8.1,7/8/06,8.2,,,,,,,,,,,,,,,,,,,,,Episode,10,David Tennant,,Rose Tyler,,,,,,,,,"Daleks, Cybermen",
178,2006,,The Runaway Bride,1,12/25/06,9.3,,,,,,,,,,,,,,,,,,,,,,,Special,10,David Tennant,,Donna Noble,,,,,,,,,,
179,2007,3,Smith and Jones,1,3/31/07,8.7,,,,,,,,,,,,,,,,,,,,,,,Episode,10,David Tennant,,Martha Jones,,,,,,,,,,
180,2007,3,The Shakespeare Code,1,4/7/07,7.2,,,,,,,,,,,,,,,,,,,,,,,Episode,10,David Tennant,,Martha Jones,,,,,,,,,,
181,2007,3,Gridlock,1,4/14/07,8.4,,,,,,,,,,,,,,,,,,,,,,,Episode,10,David Tennant,,Martha Jones,,,,,,,,,,
182,2007,3,Daleks in Manhattan/Evolution of the Daleks,2,4/21/07,6.6,4/28/07,6.9,,,,,,,,,,,,,,,,,,,,,Episode,10,David Tennant,,Martha Jones,,,,,,,,,Daleks,
183,2007,3,The Lazarus Experiment,1,5/5/07,7.1,,,,,,,,,,,,,,,,,,,,,,,Episode,10,David Tennant,,Martha Jones,,,,,,,,,,
184,2007,3,42,1,5/19/07,7.4,,,,,,,,,,,,,,,,,,,,,,,Episode,10,David Tennant,,Martha Jones,,,,,,,,,,
185,2007,3,Human Nature/The Family of Blood,2,5/26/07,??,6/2/07,??,,,,,,,,,,,,,,,,,,,,,Episode,10,David Tennant,,Martha Jones,,,,,,,,,,
186,2007,3,Blink,1,6/9/07,6.6,,,,,,,,,,,,,,,,,,,,,,,Episode,10,David Tennant,,Martha Jones,,,,,,,,,Weeping Angels,
187,2007,3,Utopia/The Sound of Drums/Last of the Time Lords,3,6/16/07,7.8,6/23/07,??,6/30/07,8.6,,,,,,,,,,,,,,,,,,,Episode,10,David Tennant,,Martha Jones,Jack Harkness,,,,,,,UNIT,The Master (Derek Jacobi/John Simm),
188,2007,,Voyage of the Damned,1,12/25/07,13.3,,,,,,,,,,,,,,,,,,,,,,,Special,10,David Tennant,,Astrid Perth,,,,,,,,,,
189,2008,4,Partners in Crime,1,4/5/08,9.1,,,,,,,,,,,,,,,,,,,,,,,Episode,10,David Tennant,,Donna Noble,,,,,,,,,,
190,2008,4,The Fires of Pompeii,1,4/12/08,9,,,,,,,,,,,,,,,,,,,,,,,Episode,10,David Tennant,,Donna Noble,,,,,,,,,,
191,2008,4,Planet of the Ood,1,4/19/08,7.5,,,,,,,,,,,,,,,,,,,,,,,Episode,10,David Tennant,,Donna Noble,,,,,,,,,,
192,2008,4,The Sontaran Strategem/The Poison Sky,2,4/26/08,7,5/3/08,6.5,,,,,,,,,,,,,,,,,,,,,Episode,10,David Tennant,,Donna Noble,Martha Jones,,,,,,,UNIT,Sontarans,
193,2008,4,The Doctor's Daughter,1,5/10/08,7.3,,,,,,,,,,,,,,,,,,,,,,,Episode,10,David Tennant,,Donna Noble,Martha Jones,,,,,,,,,
194,2008,4,The Unicorn and the Wasp,1,5/17/08,8.4,,,,,,,,,,,,,,,,,,,,,,,Episode,10,David Tennant,,Donna Noble,,,,,,,,,,
195,2008,4,Silence in the Library/Forest of the Dead,2,5/31/08,6.2,6/7/08,7.8,,,,,,,,,,,,,,,,,,,,,Episode,10,David Tennant,,Donna Noble,River Song,,,,,,,,,
196,2008,4,Midnight,1,6/14/08,8,,,,,,,,,,,,,,,,,,,,,,,Episode,10,David Tennant,,Donna Noble,,,,,,,,,,
197,2008,4,Turn Left,1,6/21/08,8,,,,,,,,,,,,,,,,,,,,,,,Episode,10,David Tennant,,Donna Noble,,,,,,,,UNIT,,
198,2008,4,The Stolen Earth/Journey's End,2,6/28/08,8.7,7/5/08,10.5,,,,,,,,,,,,,,,,,,,,,Episode,10,David Tennant,,Donna Noble,Martha Jones,Rose Tyler,Jack Harkness,Sarah Jane Smith,Mickey Smith,,,UNIT,Daleks,
199,2008,,The Next Doctor,1,12/25/08,13.1,,,,,,,,,,,,,,,,,,,,,,,Special,10,David Tennant,,Jackson Lake,,,,,,,,,Cybermen,
200,2009,,Planet of the Dead,1,4/11/09,9.5,,,,,,,,,,,,,,,,,,,,,,,Special,10,David Tennant,,Lady Christina de Souza,,,,,,,,UNIT,,
201,2009,,The Waters of Mars,1,11/15/09,10.3,,,,,,,,,,,,,,,,,,,,,,,Special,10,David Tennant,,Adelaide Brooke,,,,,,,,,,
202,2010,,The End of Time,2,12/25/09,11.5,1/1/10,12.2,,,,,,,,,,,,,,,,,,,,,Special,10,David Tennant,,Wilifred Mott,,,,,,,,,The Master (John Simm),
203,2010,5,The Eleventh Hour,1,4/3/10,10.8,,,,,,,,,,,,,,,,,,,,,,,Episode,11,Matt Smith,,Amy Pond,,,,,,,,,,
204,2010,5,The Beast Below,1,4/10/10,8.4,,,,,,,,,,,,,,,,,,,,,,,Episode,11,Matt Smith,,Amy Pond,,,,,,,,,,
205,2010,5,Victory of the Daleks,1,4/17/10,8.2,,,,,,,,,,,,,,,,,,,,,,,Episode,11,Matt Smith,,Amy Pond,,,,,,,,,Daleks,
206,2010,5,The Time of the Angels/Flesh and Stone,2,4/24/10,8.5,5/1/10,8.4,,,,,,,,,,,,,,,,,,,,,Episode,11,Matt Smith,,Amy Pond,River Song,,,,,,,,Weeping Angels,
207,2010,5,The Vampires of Venice,1,5/8/10,7.6,,,,,,,,,,,,,,,,,,,,,,,Episode,11,Matt Smith,,Amy Pond,Rory Williams,,,,,,,,,
208,2010,5,Amy's Choice,1,5/15/10,7.5,,,,,,,,,,,,,,,,,,,,,,,Episode,11,Matt Smith,,Amy Pond,Rory Williams,,,,,,,,,
209,2010,5,The Hungry Earth/Cold Blood,2,5/22/10,6.4,5/29/13,7.4,,,,,,,,,,,,,,,,,,,,,Episode,11,Matt Smith,,Amy Pond,Rory Williams,,,,,,,,Silurians,
210,2010,5,Vincent and the Doctor,1,6/5/10,6.7,,,,,,,,,,,,,,,,,,,,,,,Episode,11,Matt Smith,,Amy Pond,,,,,,,,,,
211,2010,5,The Lodger,1,6/12/10,6.4,,,,,,,,,,,,,,,,,,,,,,,Episode,11,Matt Smith,,Amy Pond,Craig Owens,,,,,,,,,
212,2010,5,The Pandorica Opens/The big Bang,2,6/19/10,7.5,6/26/10,6.6,,,,,,,,,,,,,,,,,,,,,Episode,11,Matt Smith,,Amy Pond,Rory Williams,,,,,,,,"Daleks, Cybermen",
213,2010,,A Christmas Carol,1,12/25/10,12.11,,,,,,,,,,,,,,,,,,,,,,,Special,11,Matt Smith,,Amy Pond,Rory Williams,,,,,,,,,
214,2011,6,The Impossible Astronaut/Day of the Moon,2,4/30/11,8.8,4/30/11,7.3,,,,,,,,,,,,,,,,,,,,,Episode,11,Matt Smith,,Amy Pond,Rory Williams,River Song,,,,,,,,
215,2011,6,The Curse of the Black Spot,1,5/7/11,7.8,,,,,,,,,,,,,,,,,,,,,,,Episode,11,Matt Smith,,Amy Pond,Rory Williams,,,,,,,,,
216,2011,6,The Doctor's Wife,1,5/14/11,7.9,,,,,,,,,,,,,,,,,,,,,,,Episode,11,Matt Smith,,Amy Pond,Rory Williams,,,,,,,,,
217,2011,6,The Rebel Flesh/The Almost People,2,5/21/11,7.3,5/28/11,6.7,,,,,,,,,,,,,,,,,,,,,Episode,11,Matt Smith,,Amy Pond,Rory Williams,,,,,,,,,
218,2011,6,A Good Man Goes to War,1,6/4/11,7.5,,,,,,,,,,,,,,,,,,,,,,,Episode,11,Matt Smith,,Amy Pond,Rory Williams,River Song,Madame Vastra,Jenny Flint,Strax,,,,,
219,2011,6,Let's Kill Hitler,1,8/27/11,8.1,,,,,,,,,,,,,,,,,,,,,,,Episode,11,Matt Smith,,Amy Pond,Rory Williams,River Song,,,,,,,,
220,2011,6,Night Terrors,1,9/3/11,7,,,,,,,,,,,,,,,,,,,,,,,Episode,11,Matt Smith,,Amy Pond,Rory Williams,,,,,,,,,
221,2011,6,The Girl Who Waited,1,9/10/11,7.6,,,,,,,,,,,,,,,,,,,,,,,Episode,11,Matt Smith,,Amy Pond,Rory Williams,,,,,,,,,
222,2011,6,The God Complex,1,9/17/11,6.7,,,,,,,,,,,,,,,,,,,,,,,Episode,11,Matt Smith,,Amy Pond,Rory Williams,,,,,,,,,
223,2011,6,Closing Time,1,9/24/11,6.9,,,,,,,,,,,,,,,,,,,,,,,Episode,11,Matt Smith,,Craig Owens,,,,,,,,,Cybermen,
224,2011,6,The Wedding of River Song,1,10/1/11,7.6,,,,,,,,,,,,,,,,,,,,,,,Episode,11,Matt Smith,,Amy Pond,Rory Williams,River Song,,,,,,,,
225,2011,,"The Doctor, the Widow, and the Wardrobe",1,12/25/11,10.7,,,,,,,,,,,,,,,,,,,,,,,Episode,11,Matt Smith,,Madge Arwell,,,,,,,,,,
226,2012,7,Asylum of the Daleks,1,9/1/12,8.3,,,,,,,,,,,,,,,,,,,,,,,Episode,11,Matt Smith,,Amy Pond,Rory Williams,,,,,,,,Daleks,
227,2012,7,Dinosaurs on a Spaceship,1,9/8/12,7.7,,,,,,,,,,,,,,,,,,,,,,,Episode,11,Matt Smith,,Amy Pond,Rory Williams,,,,,,,,,
228,2012,7,A Town Called Mercy,1,9/15/12,8.4,,,,,,,,,,,,,,,,,,,,,,,Episode,11,Matt Smith,,Amy Pond,Rory Williams,,,,,,,,,
229,2012,7,The Power of Three,1,9/22/12,7.6,,,,,,,,,,,,,,,,,,,,,,,Episode,11,Matt Smith,,Amy Pond,Rory Williams,,,,,,,UNIT,,
230,2012,7,The Angels Take Manhattan,1,9/29/12,7.8,,,,,,,,,,,,,,,,,,,,,,,Episode,11,Matt Smith,,Amy Pond,Rory Williams,River Song,,,,,,,Weeping Angels,
231,2012,7,The Snowmen,1,12/25/12,9.8,,,,,,,,,,,,,,,,,,,,,,,Episode,11,Matt Smith,,Clara Oswald,Madame Vastra,Jenny Flint,Strax,,,,,,The Great Intelligence,
232,2013,7,The Bells of Saint John,1,3/30/13,8.4,,,,,,,,,,,,,,,,,,,,,,,Episode,11,Matt Smith,,Clara Oswald,,,,,,,,,The Great Intelligence,
233,2013,7,The Rings of Akhaten,1,4/6/13,7.4,,,,,,,,,,,,,,,,,,,,,,,Episode,11,Matt Smith,,Clara Oswald,,,,,,,,,,
234,2013,7,Cold War,1,4/13/13,7.3,,,,,,,,,,,,,,,,,,,,,,,Episode,11,Matt Smith,,Clara Oswald,,,,,,,,,Ice Warriors,
235,2013,7,Hide,1,4/20/13,6.6,,,,,,,,,,,,,,,,,,,,,,,Episode,11,Matt Smith,,Clara Oswald,,,,,,,,,,
236,2013,7,Journey to the Center of the TARDIS,1,4/27/13,6.5,,,,,,,,,,,,,,,,,,,,,,,Episode,11,Matt Smith,,Clara Oswald,,,,,,,,,,
237,2013,7,The Crimson Horror,1,5/4/13,4.6,,,,,,,,,,,,,,,,,,,,,,,Episode,11,Matt Smith,,Clara Oswald,Madame Vastra,Jenny Flint,Strax,,,,,,,
238,2013,7,Nightmare in Silver,1,5/11/13,6.6,,,,,,,,,,,,,,,,,,,,,,,Episode,11,Matt Smith,,Clara Oswald,,,,,,,,,Cybermen,
239,2013,7,The Name of the Doctor,1,5/28/13,7.4,,,,,,,,,,,,,,,,,,,,,,,Episode,11,Matt Smith,,Clara Oswald,River Song,Madame Vastra,Jenny Flint,Strax,,,,,The Great Intelligence,
240,2013,,The Day of the Doctor,1,11/14/13,12.8,,,,,,,,,,,,,,,,,,,,,,,Special,11,Matt Smith,"David Tennant, The War Doctor (John Hurt)",Clara Oswald,,,,,,,,UNIT,"Daleks, Zygons",
241,2013,,The Time of the Doctor,1,12/25/13,11.14,,,,,,,,,,,,,,,,,,,,,,,Special,11,Matt Smith,,Clara Oswald,,,,,,,,,"Daleks, Cybermen, Weeping Angels, Sontarans",
